coaster_name,Location,Status,Manufacturer,year_introduced,Type_Main,latitude,longitude,speed_mph,height_ft,Inversions_clean,Gforce_clean
Coaster_1,Carowinds,Removed,Mack Rides,2023,Wood,35.0907,-80.9432,56.5,113.1,0,3.2
Coaster_2,Busch Gardens Williamsburg,Operating,Great Coasters International,1986,Steel,37.1977,-76.6608,56.9,85.1,2,3.7
Coaster_3,Cedar Point,Operating,Arrow Dynamics,1975,Steel,41.461,-82.6808,37.3,82.8,1,3.6
Coaster_4,Busch Gardens Williamsburg,Operating,Rocky Mountain Construction,1975,Steel,37.2394,-76.6528,52.7,67.4,2,5.1
Coaster_5,Silver Dollar City,Operating,Rocky Mountain Construction,2005,Steel,36.7069,-93.3246,71.5,137.8,3,2.8
Coaster_6,Knott's Berry Farm,Removed,Arrow Dynamics,1995,Steel,33.8759,-117.9634,51.1,113.5,1,3.6
Coaster_7,Silver Dollar City,Operating,Arrow Dynamics,1980,Wood,36.6698,-93.3439,27.1,75.3,0,4.4
Coaster_8,Silver Dollar City,Operating,Arrow Dynamics,1993,Steel,36.674,-93.3017,44.6,106.7,1,4.1
Coaster_9,Cedar Point,Operating,Vekoma,1991,Steel,41.4789,-82.6702,48.8,71.5,3,5.6
Coaster_10,Silver Dollar City,Operating,S&S - Sansei Technologies,1979,Steel,36.6687,-93.3556,42.0,75.4,2,2.1
Coaster_11,Hersheypark,Operating,Rocky Mountain Construction,2005,Steel,40.3171,-76.6327,55.8,99.5,0,3.3
Coaster_12,Silver Dollar City,Removed,Philadelphia Toboggan Coasters,2023,Steel,36.6748,-93.3553,70.0,109.8,0,2.8
Coaster_13,Hersheypark,Operating,Intamin,1985,Wood,40.2795,-76.654,36.8,52.2,0,3.2
Coaster_14,Six Flags Over Texas,Removed,Bolliger & Mabillard,1975,Steel,32.7675,-97.0605,42.3,97.0,0,3.4
Coaster_15,Six Flags Great Adventure,Closed,Great Coasters International,2023,Steel,40.1824,-74.4711,74.0,145.9,1,4.5
Coaster_16,Kennywood,Operating,Mack Rides,2000,Steel,40.4012,-79.8566,51.4,90.6,1,2.9
Coaster_17,Carowinds,Removed,Rocky Mountain Construction,1993,Steel,35.1382,-80.9208,56.3,74.9,1,4.2
Coaster_18,Six Flags Over Texas,Removed,Vekoma,1977,Steel,32.7728,-97.0852,46.3,80.9,1,2.8
Coaster_19,Six Flags Over Texas,Operating,Intamin,1992,Steel,32.7415,-97.0353,53.2,95.6,3,2.9
Coaster_20,Kennywood,Operating,Rocky Mountain Construction,2000,Steel,40.3965,-79.8772,61.5,107.0,1,4.3
Coaster_21,Silver Dollar City,Removed,Vekoma,2000,Steel,36.6783,-93.346,63.8,99.7,3,3.9
Coaster_22,Six Flags Great Adventure,Removed,Premier Rides,1987,Wood,40.1209,-74.4396,36.2,69.2,0,3.1
Coaster_23,Six Flags Magic Mountain,Removed,Rocky Mountain Construction,2001,Steel,34.4344,-118.6025,54.2,118.2,4,3.6
Coaster_24,Dollywood,Operating,Vekoma,1994,Steel,35.7857,-83.5554,52.6,73.5,0,2.9
Coaster_25,Six Flags Great Adventure,Removed,Mack Rides,1990,Steel,40.1754,-74.4388,57.1,84.5,4,2.5
Coaster_26,Cedar Point,Operating,Bolliger & Mabillard,1975,Steel,41.4875,-82.6508,43.4,67.3,2,3.8
Coaster_27,Six Flags Magic Mountain,Removed,S&S - Sansei Technologies,2009,Wood,34.4055,-118.6044,59.6,96.1,0,3.9
Coaster_28,Kennywood,Closed,Intamin,1997,Steel,40.3935,-79.8422,63.0,95.6,4,1.7
Coaster_29,Six Flags Over Texas,Operating,S&S - Sansei Technologies,2002,Steel,32.807,-97.0603,45.8,122.0,0,2.8
Coaster_30,Six Flags Over Texas,Operating,Great Coasters International,2005,Steel,32.7452,-97.0807,59.5,116.6,7,3.6
Coaster_31,Kings Island,Closed,Arrow Dynamics,2019,Wood,39.333,-84.2744,61.6,101.7,0,1.6
Coaster_32,Busch Gardens Williamsburg,Operating,Rocky Mountain Construction,1977,Steel,37.2534,-76.6452,45.5,66.9,1,2.2
Coaster_33,Six Flags Over Texas,Operating,Premier Rides,2012,Wood,32.7624,-97.078,47.3,82.4,0,5.1
Coaster_34,Kings Island,Operating,Rocky Mountain Construction,1985,Wood,39.3282,-84.2368,36.1,110.6,0,5.5
Coaster_35,Knott's Berry Farm,Operating,Premier Rides,2007,Wood,33.8498,-118.036,53.0,92.2,0,2.7
Coaster_36,Six Flags Great Adventure,Operating,Great Coasters International,2012,Steel,40.1274,-74.4386,64.2,104.9,1,4.3
Coaster_37,Six Flags Great Adventure,Operating,Premier Rides,1994,Steel,40.1486,-74.4324,59.5,103.9,4,2.9
Coaster_38,Hersheypark,Operating,Vekoma,2013,Wood,40.2859,-76.648,51.3,103.1,0,3.4
Coaster_39,Six Flags Magic Mountain,Operating,Premier Rides,1984,Steel,34.4577,-118.5893,42.8,92.4,0,4.6
Coaster_40,Kennywood,Operating,Arrow Dynamics,1976,Steel,40.3765,-79.8674,40.2,50.8,2,2.5
Coaster_41,Knott's Berry Farm,Operating,Vekoma,2019,Wood,33.8955,-117.9633,55.0,118.6,0,3.1
Coaster_42,Six Flags Magic Mountain,Operating,Intamin,2013,Steel,34.426,-118.6066,60.1,128.4,1,3.3
Coaster_43,Carowinds,Operating,Great Coasters International,2009,Steel,35.0448,-80.9341,57.3,,1,3.1
Coaster_44,Hersheypark,Removed,Arrow Dynamics,2006,Steel,40.2819,-76.6404,55.2,117.6,0,3.8
Coaster_45,Dollywood,Operating,Bolliger & Mabillard,1995,Steel,35.7957,-83.5222,58.4,94.6,1,4.6
Coaster_46,Dollywood,Operating,Arrow Dynamics,2000,Wood,35.7655,-83.492,31.8,82.8,0,3.8
Coaster_47,Hersheypark,Removed,S&S - Sansei Technologies,1975,Steel,40.292,-76.6838,42.3,73.9,2,3.9
Coaster_48,Six Flags Over Texas,Operating,Philadelphia Toboggan Coasters,1994,Steel,32.7673,-97.0464,46.4,102.2,4,2.5
Coaster_49,Knott's Berry Farm,Operating,S&S - Sansei Technologies,1993,Steel,33.8472,-118.0023,57.5,110.1,1,3.0
Coaster_50,Knott's Berry Farm,Operating,Philadelphia Toboggan Coasters,2002,Steel,33.8532,-117.9771,54.2,154.0,0,5.2
Coaster_51,Busch Gardens Williamsburg,Operating,Intamin,1988,Steel,37.2365,-76.5853,64.8,76.8,2,3.7
Coaster_52,Knott's Berry Farm,Operating,Premier Rides,2015,Wood,33.8606,-117.9552,58.0,102.1,0,4.9
Coaster_53,Carowinds,Operating,Mack Rides,1987,Wood,35.1154,-80.9331,38.9,86.5,0,2.1
Coaster_54,Six Flags Great Adventure,Operating,Mack Rides,2007,Wood,40.1374,-74.4127,52.8,79.8,0,3.2
Coaster_55,Kings Island,Operating,Rocky Mountain Construction,2000,Steel,39.3359,-84.3074,58.8,99.8,2,3.7
Coaster_56,Busch Gardens Williamsburg,Removed,Intamin,2002,Steel,37.2134,-76.6286,46.2,87.9,2,3.8
Coaster_57,Six Flags Over Texas,Operating,Premier Rides,1999,Steel,32.7317,-97.0521,60.1,115.4,3,4.1
Coaster_58,Knott's Berry Farm,Removed,Great Coasters International,2009,Steel,33.8371,-118.0,60.5,120.0,1,2.6
Coaster_59,Busch Gardens Williamsburg,Operating,S&S - Sansei Technologies,2004,Steel,37.2468,-76.6434,63.6,96.3,1,
Coaster_60,Silver Dollar City,Operating,S&S - Sansei Technologies,2008,Steel,36.6638,-93.3543,66.9,104.6,3,2.4
Coaster_61,Busch Gardens Williamsburg,Operating,S&S - Sansei Technologies,2023,Steel,37.2331,-76.6447,70.3,136.1,1,4.8
Coaster_62,Six Flags Over Texas,Operating,Premier Rides,2015,Steel,32.7309,-97.0461,66.7,120.2,1,3.3
Coaster_63,Cedar Point,Removed,Arrow Dynamics,2010,Steel,41.4622,-82.6978,66.6,132.7,2,3.1
Coaster_64,Six Flags Magic Mountain,Operating,Philadelphia Toboggan Coasters,2023,Steel,34.411,-118.5955,74.7,112.4,0,2.6
Coaster_65,Dollywood,Operating,Arrow Dynamics,1995,Steel,35.7915,-83.5175,53.1,96.7,1,4.8
Coaster_66,Kennywood,Operating,Premier Rides,1990,Steel,40.4049,-79.9055,53.2,75.2,2,5.6
Coaster_67,Six Flags Magic Mountain,Operating,Philadelphia Toboggan Coasters,2004,Steel,34.435,-118.6221,60.2,111.6,1,3.6
Coaster_68,Silver Dollar City,Closed,Bolliger & Mabillard,2009,Steel,36.6704,-93.3203,52.8,110.2,2,4.6
Coaster_69,Carowinds,Operating,Premier Rides,1975,Steel,35.0915,-80.9232,36.0,73.3,1,2.6
Coaster_70,Busch Gardens Williamsburg,Operating,Premier Rides,1985,Steel,37.2027,-76.6367,46.0,94.0,3,4.1
Coaster_71,Dollywood,Operating,Philadelphia Toboggan Coasters,2020,Wood,35.8233,-83.5356,51.1,98.1,0,4.3
Coaster_72,Six Flags Great Adventure,Removed,Bolliger & Mabillard,2005,Wood,40.1404,-74.4246,50.5,104.2,0,3.8
Coaster_73,Dollywood,Closed,Premier Rides,2009,Steel,35.7776,-83.5439,65.5,,1,4.3
Coaster_74,Kennywood,Operating,Philadelphia Toboggan Coasters,2006,Steel,40.3571,-79.8395,53.0,87.8,3,3.6
Coaster_75,Cedar Point,Operating,Philadelphia Toboggan Coasters,1998,Wood,41.4585,-82.6708,52.8,73.9,0,3.3
Coaster_76,Cedar Point,Operating,Great Coasters International,1994,Wood,41.5114,-82.6747,46.9,67.7,0,4.2
Coaster_77,Busch Gardens Williamsburg,Operating,Rocky Mountain Construction,2001,Steel,37.2643,-76.6744,51.9,91.4,2,3.6
Coaster_78,Knott's Berry Farm,Removed,Arrow Dynamics,2001,Steel,33.8496,-117.9809,64.1,109.3,1,2.8
Coaster_79,Silver Dollar City,Operating,Arrow Dynamics,2005,Steel,36.6633,-93.3466,56.5,117.7,2,3.5
Coaster_80,Six Flags Great Adventure,Operating,Premier Rides,1979,Steel,40.1487,-74.4487,40.2,76.0,0,3.7
Coaster_81,Six Flags Magic Mountain,Operating,Bolliger & Mabillard,1994,Steel,34.4268,-118.5848,58.2,108.1,0,3.4
Coaster_82,Six Flags Over Texas,Operating,Rocky Mountain Construction,2013,Steel,32.7173,-97.0529,63.9,102.3,1,2.1
Coaster_83,Knott's Berry Farm,Operating,Intamin,1981,Steel,33.8786,-117.9893,56.0,89.9,1,3.0
Coaster_84,Silver Dollar City,Removed,Philadelphia Toboggan Coasters,1975,Steel,36.6711,-93.3037,46.2,72.5,4,2.7
Coaster_85,Kings Island,Closed,Vekoma,2022,Steel,39.295,-84.2626,67.1,98.1,4,4.6
Coaster_86,Silver Dollar City,Operating,Mack Rides,2023,Steel,36.662,-93.3438,67.5,124.8,0,3.3
Coaster_87,Carowinds,Operating,Mack Rides,2007,Steel,35.0908,-80.9542,66.8,111.5,4,3.9
Coaster_88,Carowinds,Removed,S&S - Sansei Technologies,1993,Wood,35.0905,-80.9764,45.1,104.4,0,3.2
Coaster_89,Knott's Berry Farm,Operating,Great Coasters International,2007,Steel,33.8599,-117.9769,65.0,94.8,5,2.3
Coaster_90,Hersheypark,Operating,Great Coasters International,2004,Steel,40.2966,-76.6426,53.9,79.1,2,5.3
Coaster_91,Six Flags Great Adventure,Operating,S&S - Sansei Technologies,2006,Wood,40.1267,-74.4426,47.6,120.0,0,4.5
Coaster_92,Kennywood,Operating,Arrow Dynamics,1998,Wood,40.3877,-79.8675,56.2,87.0,0,3.2
Coaster_93,Carowinds,Operating,Premier Rides,2018,Steel,35.1218,-80.9309,65.9,96.1,2,3.4
Coaster_94,Kennywood,Operating,Bolliger & Mabillard,1992,Steel,40.4103,-79.8657,47.0,74.5,4,3.1
Coaster_95,Six Flags Great Adventure,Removed,Rocky Mountain Construction,2003,Steel,40.131,-74.4513,61.2,106.5,2,3.1
Coaster_96,Six Flags Magic Mountain,Operating,S&S - Sansei Technologies,1983,Steel,34.3931,-118.6008,45.1,59.8,1,4.1
Coaster_97,Dollywood,Operating,Mack Rides,2011,Steel,35.7786,-83.505,72.9,104.6,4,3.5
Coaster_98,Kings Island,Operating,Bolliger & Mabillard,2010,Steel,39.3302,-84.2659,72.6,118.4,1,2.9
Coaster_99,Cedar Point,Operating,Vekoma,2008,Steel,41.4594,-82.6946,60.5,113.7,2,2.3
Coaster_100,Kennywood,Operating,Vekoma,2021,Steel,40.4076,-79.8931,60.5,146.0,3,3.1
Coaster_101,Cedar Point,Operating,Bolliger & Mabillard,2023,Steel,41.4698,-82.6807,69.8,133.0,4,4.5
Coaster_102,Six Flags Over Texas,Operating,Arrow Dynamics,1978,Wood,32.7994,-97.0799,31.2,54.2,0,4.1
Coaster_103,Hersheypark,Operating,Bolliger & Mabillard,2006,Steel,40.3104,-76.6442,56.7,97.5,1,2.6
Coaster_104,Six Flags Great Adventure,Operating,S&S - Sansei Technologies,1985,Wood,40.1333,-74.4196,33.9,64.9,0,4.0
Coaster_105,Dollywood,Operating,Great Coasters International,2000,Steel,35.7905,-83.5353,64.2,104.7,0,5.1
Coaster_106,Kings Island,Operating,S&S - Sansei Technologies,2003,Steel,39.3631,-84.2867,67.8,89.6,1,2.0
Coaster_107,Knott's Berry Farm,Operating,Arrow Dynamics,1992,Steel,33.8489,-117.9788,52.7,89.4,2,
Coaster_108,Hersheypark,Removed,Rocky Mountain Construction,2023,Steel,40.3178,-76.6588,70.0,124.7,1,
Coaster_109,Knott's Berry Farm,Operating,S&S - Sansei Technologies,1998,Steel,33.7849,-117.989,54.8,119.9,4,3.2
Coaster_110,Dollywood,Operating,Rocky Mountain Construction,2012,Wood,35.7943,-83.5334,52.7,100.6,0,4.7
Coaster_111,Six Flags Great Adventure,Operating,Great Coasters International,1992,Steel,40.1402,-74.4233,49.0,116.7,1,2.3
Coaster_112,Dollywood,Operating,Vekoma,1991,Steel,35.8164,-83.5851,61.8,88.4,1,4.3
Coaster_113,Six Flags Over Texas,Operating,Bolliger & Mabillard,1979,Wood,32.7321,-97.0448,36.6,78.8,0,
Coaster_114,Kennywood,Operating,Arrow Dynamics,1989,Steel,40.3992,-79.8724,52.5,95.4,2,3.0
Coaster_115,Kennywood,Operating,Rocky Mountain Construction,1975,Steel,40.4099,-79.8347,32.7,88.1,1,3.1
Coaster_116,Cedar Point,Operating,Vekoma,2011,Steel,41.4506,-82.6919,55.6,126.4,2,2.0
Coaster_117,Kings Island,Removed,Arrow Dynamics,2002,Steel,39.3487,-84.3147,65.0,108.2,1,1.9
Coaster_118,Six Flags Magic Mountain,Operating,Rocky Mountain Construction,2010,Steel,34.4325,-118.5935,54.0,113.8,2,2.8
Coaster_119,Six Flags Over Texas,Removed,Great Coasters International,2004,Wood,32.7547,-97.061,57.3,82.6,0,3.4
Coaster_120,Carowinds,Operating,Arrow Dynamics,1975,Steel,35.1035,-80.9607,43.2,78.2,1,3.5
Coaster_121,Hersheypark,Closed,Great Coasters International,1980,Steel,40.2707,-76.6383,41.4,97.5,1,4.0
Coaster_122,Busch Gardens Williamsburg,Removed,Vekoma,2002,Steel,37.2083,-76.6162,60.6,86.9,0,3.5
Coaster_123,Six Flags Magic Mountain,Operating,Intamin,2017,Wood,34.3887,-118.5907,60.1,95.5,0,3.3
Coaster_124,Busch Gardens Williamsburg,Operating,Vekoma,1985,Steel,37.2883,-76.637,51.8,73.8,2,4.0
Coaster_125,Dollywood,Removed,Rocky Mountain Construction,1975,Steel,35.7725,-83.5379,43.3,88.4,1,2.2
Coaster_126,Hersheypark,Operating,S&S - Sansei Technologies,2004,Wood,40.3067,-76.6798,56.2,70.9,0,5.5
Coaster_127,Hersheypark,Removed,Great Coasters International,2000,Steel,40.2643,-76.6433,55.9,84.3,4,1.8
Coaster_128,Busch Gardens Williamsburg,Closed,Bolliger & Mabillard,2016,Wood,37.2078,-76.633,55.7,112.4,0,5.7
Coaster_129,Six Flags Over Texas,Operating,Bolliger & Mabillard,1991,Steel,32.7407,-97.0483,46.3,80.2,3,3.7
Coaster_130,Hersheypark,Removed,Mack Rides,1975,Steel,40.2816,-76.618,43.4,44.5,2,3.0
Coaster_131,Six Flags Great Adventure,Operating,Mack Rides,2023,Steel,40.15,-74.4261,65.2,130.8,2,4.5
Coaster_132,Hersheypark,Closed,S&S - Sansei Technologies,2007,Steel,40.2705,-76.6333,66.6,99.2,1,2.7
Coaster_133,Six Flags Great Adventure,Operating,Bolliger & Mabillard,2012,Steel,40.1364,-74.4638,71.1,100.5,2,4.2
Coaster_134,Knott's Berry Farm,Operating,Mack Rides,1988,Steel,33.8465,-117.9945,48.3,70.8,1,3.3
Coaster_135,Knott's Berry Farm,Operating,Intamin,1999,Steel,33.86,-117.9764,62.2,102.6,1,4.5
Coaster_136,Kennywood,Operating,Rocky Mountain Construction,1994,Steel,40.4034,-79.901,46.4,87.9,3,4.2
Coaster_137,Hersheypark,Operating,Rocky Mountain Construction,2021,Steel,40.2513,-76.6479,81.0,101.5,1,4.2
Coaster_138,Silver Dollar City,Removed,S&S - Sansei Technologies,1998,Wood,36.6703,-93.3304,49.1,85.9,0,5.5
Coaster_139,Silver Dollar City,Operating,Bolliger & Mabillard,1988,Steel,36.6307,-93.3801,57.2,81.5,2,4.6
Coaster_140,Knott's Berry Farm,Closed,Bolliger & Mabillard,1998,Steel,33.8426,-118.0437,46.4,106.7,1,4.3
Coaster_141,Six Flags Magic Mountain,Operating,Rocky Mountain Construction,2003,Steel,34.4433,-118.5868,47.9,133.4,3,4.5
Coaster_142,Six Flags Over Texas,Operating,Vekoma,2007,Steel,32.7562,-97.0823,55.4,113.5,0,3.9
Coaster_143,Busch Gardens Williamsburg,Operating,Premier Rides,2017,Wood,37.2256,-76.6289,56.6,126.5,0,3.9
Coaster_144,Six Flags Over Texas,Operating,Mack Rides,1986,Steel,32.7528,-97.0844,44.4,102.7,4,
Coaster_145,Silver Dollar City,Operating,S&S - Sansei Technologies,2023,Steel,36.6653,-93.331,71.8,127.2,1,4.4
Coaster_146,Six Flags Magic Mountain,Operating,Mack Rides,1979,Steel,34.4215,-118.61,50.6,109.0,1,5.4
Coaster_147,Carowinds,Operating,Premier Rides,1977,Steel,35.087,-80.9368,52.7,87.4,1,3.1
Coaster_148,Dollywood,Removed,Intamin,2021,Wood,35.7385,-83.5123,59.8,87.6,0,4.6
Coaster_149,Dollywood,Closed,Vekoma,2011,Steel,35.7954,-83.5268,59.8,140.6,2,3.0
Coaster_150,Silver Dollar City,Operating,Mack Rides,2001,Steel,36.6673,-93.3513,65.1,109.8,1,4.1
Coaster_151,Knott's Berry Farm,Operating,Vekoma,1984,Wood,33.8577,-117.9727,41.6,59.5,0,2.7
Coaster_152,Cedar Point,Operating,Mack Rides,1975,Steel,41.4855,-82.7266,44.9,73.7,1,3.9
Coaster_153,Hersheypark,Removed,Bolliger & Mabillard,2003,Steel,40.3007,-76.6275,68.5,119.5,2,4.4
Coaster_154,Busch Gardens Williamsburg,Operating,Intamin,1995,Wood,37.2163,-76.6479,46.9,48.0,0,2.7
Coaster_155,Six Flags Great Adventure,Operating,S&S - Sansei Technologies,1984,Steel,40.1474,-74.4465,47.2,89.0,3,3.6
Coaster_156,Hersheypark,Closed,Intamin,2017,Steel,40.2962,-76.6505,71.0,91.2,2,1.9
Coaster_157,Six Flags Great Adventure,Operating,Great Coasters International,2007,Wood,40.1468,-74.4347,55.3,89.1,0,3.5
Coaster_158,Cedar Point,Operating,Vekoma,2023,Wood,41.4857,-82.6936,60.5,110.1,0,4.3
Coaster_159,Cedar Point,Operating,Philadelphia Toboggan Coasters,1993,Steel,41.4939,-82.6289,50.2,110.3,0,4.6
Coaster_160,Busch Gardens Williamsburg,Operating,Premier Rides,1995,Steel,37.2114,-76.6234,57.6,89.7,4,4.1
Coaster_161,Kennywood,Removed,Great Coasters International,1991,Steel,40.4083,-79.8886,47.7,68.4,2,4.0
Coaster_162,Kings Island,Operating,Arrow Dynamics,2011,Steel,39.3233,-84.2429,72.3,113.2,2,2.6
Coaster_163,Dollywood,Removed,Intamin,1988,Steel,35.8063,-83.5461,52.2,92.0,2,2.9
Coaster_164,Silver Dollar City,Operating,Philadelphia Toboggan Coasters,1990,Steel,36.6926,-93.3185,59.1,108.4,0,2.9
Coaster_165,Silver Dollar City,Operating,Great Coasters International,2003,Steel,36.6565,-93.3442,69.2,103.6,3,3.1
Coaster_166,Kings Island,Operating,Premier Rides,1985,Wood,39.3517,-84.2808,42.4,79.2,0,1.0
Coaster_167,Carowinds,Operating,Philadelphia Toboggan Coasters,2011,Steel,35.0928,-80.9334,58.3,111.2,1,3.0
Coaster_168,Six Flags Over Texas,Operating,Intamin,1975,Steel,32.7222,-97.093,37.9,80.3,3,2.5
Coaster_169,Carowinds,Operating,Great Coasters International,2000,Wood,35.1244,-80.9806,51.8,91.4,0,4.8
Coaster_170,Kings Island,Operating,Premier Rides,2023,Steel,39.3309,-84.2696,66.3,128.8,0,
Coaster_171,Six Flags Magic Mountain,Operating,Vekoma,1990,Wood,34.4179,-118.6028,35.3,71.8,0,2.5
Coaster_172,Silver Dollar City,Operating,Mack Rides,2023,Steel,36.6449,-93.3373,64.8,134.5,0,4.7
Coaster_173,Kennywood,Operating,Bolliger & Mabillard,2010,Steel,40.3907,-79.8716,64.1,105.5,0,3.0
Coaster_174,Busch Gardens Williamsburg,Closed,Great Coasters International,2004,Steel,37.2369,-76.6629,72.7,96.4,0,3.7
Coaster_175,Six Flags Magic Mountain,Closed,S&S - Sansei Technologies,1985,Steel,34.4267,-118.5871,55.0,84.9,1,3.9
Coaster_176,Six Flags Over Texas,Removed,Bolliger & Mabillard,2019,Wood,32.75,-97.0943,64.3,116.9,0,4.1
Coaster_177,Silver Dollar City,Operating,Bolliger & Mabillard,1975,Steel,36.6804,-93.3465,38.8,80.1,2,4.5
Coaster_178,Six Flags Magic Mountain,Operating,Premier Rides,1988,Steel,34.4394,-118.6023,53.8,99.3,2,2.9
Coaster_179,Busch Gardens Williamsburg,Operating,Vekoma,1977,Steel,37.2154,-76.6734,46.9,,0,5.3
Coaster_180,Knott's Berry Farm,Operating,Mack Rides,2005,Wood,33.8518,-117.9634,54.9,80.1,0,4.0
Coaster_181,Six Flags Magic Mountain,Operating,Great Coasters International,1999,Steel,34.4282,-118.5863,55.5,110.6,3,2.7
Coaster_182,Silver Dollar City,Removed,Arrow Dynamics,1992,Steel,36.6785,-93.3716,47.3,101.6,1,3.2
Coaster_183,Knott's Berry Farm,Removed,Intamin,2009,Wood,33.8663,-117.9773,49.0,90.4,0,2.2
Coaster_184,Six Flags Over Texas,Operating,Vekoma,2023,Steel,32.793,-97.0833,66.9,134.8,2,1.8
Coaster_185,Kennywood,Operating,S&S - Sansei Technologies,1998,Steel,40.3971,-79.8754,43.4,106.9,1,4.3
Coaster_186,Knott's Berry Farm,Removed,Philadelphia Toboggan Coasters,2012,Steel,33.8855,-118.0198,71.3,101.1,1,3.9
Coaster_187,Kings Island,Operating,Mack Rides,1992,Steel,39.3605,-84.2522,48.5,87.2,0,3.2
Coaster_188,Knott's Berry Farm,Operating,Mack Rides,1994,Steel,33.8268,-117.9816,58.2,98.9,0,4.8
Coaster_189,Six Flags Great Adventure,Closed,Philadelphia Toboggan Coasters,2012,Steel,40.1674,-74.4469,60.0,117.4,3,2.1
Coaster_190,Cedar Point,Operating,Vekoma,1988,Steel,41.5023,-82.6688,54.0,110.1,2,2.1
Coaster_191,Busch Gardens Williamsburg,Removed,Vekoma,1993,Steel,37.2655,-76.6466,52.6,118.7,2,2.6
Coaster_192,Dollywood,Closed,Rocky Mountain Construction,2001,Steel,35.7785,-83.5074,55.5,87.8,2,6.2
Coaster_193,Kings Island,Operating,Rocky Mountain Construction,1977,Steel,39.3682,-84.269,55.2,57.2,3,4.1
Coaster_194,Cedar Point,Operating,Intamin,1989,Steel,41.4564,-82.6639,45.3,101.4,1,3.8
Coaster_195,Kennywood,Operating,Premier Rides,1996,Steel,40.3636,-79.8334,40.3,108.2,0,
Coaster_196,Six Flags Over Texas,Operating,Vekoma,2023,Steel,32.7494,-97.0626,64.7,151.3,1,2.1
Coaster_197,Six Flags Great Adventure,Operating,Premier Rides,1975,Steel,40.133,-74.4482,36.8,84.5,3,5.4
Coaster_198,Six Flags Over Texas,Operating,Great Coasters International,1989,Steel,32.7443,-97.1053,41.8,102.2,6,3.4
Coaster_199,Cedar Point,Operating,Bolliger & Mabillard,1975,Steel,41.5031,-82.6723,31.5,65.9,2,3.8
Coaster_200,Busch Gardens Williamsburg,Operating,Philadelphia Toboggan Coasters,1987,Steel,37.2207,-76.6276,49.7,71.1,0,4.4
Coaster_201,Knott's Berry Farm,Operating,Arrow Dynamics,1997,Wood,33.8335,-118.002,60.4,63.4,0,3.5
Coaster_202,Kennywood,Operating,Mack Rides,1997,Wood,40.4066,-79.9158,48.8,101.3,0,3.6
Coaster_203,Busch Gardens Williamsburg,Operating,Vekoma,1989,Steel,37.2108,-76.664,52.8,103.4,4,4.1
Coaster_204,Cedar Point,Operating,Premier Rides,1992,Wood,41.4708,-82.6664,49.3,80.3,0,2.5
Coaster_205,Six Flags Magic Mountain,Closed,Bolliger & Mabillard,2015,Wood,34.3946,-118.6074,57.2,89.1,0,3.1
Coaster_206,Knott's Berry Farm,Operating,Great Coasters International,1999,Steel,33.857,-117.9901,58.6,90.6,1,1.3
Coaster_207,Six Flags Great Adventure,Operating,Vekoma,2004,Wood,40.1778,-74.4254,56.6,89.1,0,1.1
Coaster_208,Knott's Berry Farm,Removed,Mack Rides,2005,Steel,33.808,-117.9865,67.2,114.2,1,3.2
Coaster_209,Knott's Berry Farm,Operating,Mack Rides,2009,Steel,33.8172,-117.9854,58.8,121.5,1,4.4
Coaster_210,Carowinds,Closed,Vekoma,2020,Steel,35.0979,-80.9491,72.3,111.3,4,2.4
Coaster_211,Cedar Point,Operating,Bolliger & Mabillard,2015,Steel,41.483,-82.6907,67.4,96.9,1,2.4
Coaster_212,Busch Gardens Williamsburg,Operating,Philadelphia Toboggan Coasters,2007,Steel,37.1992,-76.624,57.6,88.0,3,4.3
Coaster_213,Six Flags Great Adventure,Operating,Intamin,2002,Steel,40.1057,-74.4341,73.4,111.6,3,4.6
Coaster_214,Six Flags Great Adventure,Removed,Vekoma,1999,Steel,40.1272,-74.4498,33.1,98.7,4,2.2
Coaster_215,Kings Island,Operating,Rocky Mountain Construction,1989,Steel,39.345,-84.2538,48.8,79.1,2,5.4
Coaster_216,Kennywood,Closed,Mack Rides,2002,Wood,40.3747,-79.8516,55.0,95.3,0,3.9
Coaster_217,Dollywood,Removed,Bolliger & Mabillard,1975,Steel,35.7995,-83.5184,43.1,93.8,1,5.2
Coaster_218,Cedar Point,Operating,Intamin,2023,Wood,41.4983,-82.6743,58.7,121.7,0,3.9
Coaster_219,Busch Gardens Williamsburg,Operating,Bolliger & Mabillard,1981,Steel,37.2521,-76.6354,51.5,92.8,0,4.0
Coaster_220,Carowinds,Operating,Mack Rides,2003,Wood,35.0948,-80.9562,54.4,111.8,0,3.1
Coaster_221,Six Flags Great Adventure,Operating,Premier Rides,2017,Steel,40.1657,-74.42,60.8,95.5,3,3.2
Coaster_222,Six Flags Magic Mountain,Operating,S&S - Sansei Technologies,2001,Steel,34.4637,-118.6138,50.0,98.0,2,4.6
Coaster_223,Kennywood,Operating,Rocky Mountain Construction,1975,Steel,40.4033,-79.8669,47.3,61.0,4,5.0
Coaster_224,Busch Gardens Williamsburg,Closed,Rocky Mountain Construction,1984,Steel,37.2372,-76.6594,46.0,96.2,4,3.8
Coaster_225,Kings Island,Operating,Premier Rides,2023,Wood,39.38,-84.2531,58.8,113.1,0,3.5
Coaster_226,Knott's Berry Farm,Operating,Arrow Dynamics,2023,Steel,33.8462,-117.9699,64.5,103.6,2,3.3
Coaster_227,Cedar Point,Removed,Vekoma,2012,Steel,41.5095,-82.6473,58.2,122.8,3,3.2
Coaster_228,Carowinds,Operating,Vekoma,2001,Wood,35.1084,-80.9415,40.8,112.5,0,3.7
Coaster_229,Hersheypark,Removed,S&S - Sansei Technologies,2012,Steel,40.2882,-76.6361,65.2,124.7,1,1.5
Coaster_230,Six Flags Magic Mountain,Closed,Rocky Mountain Construction,2000,Steel,34.4239,-118.5786,47.5,109.2,1,2.1
Coaster_231,Cedar Point,Operating,Premier Rides,2003,Steel,41.4633,-82.682,52.2,95.0,4,3.8
Coaster_232,Cedar Point,Operating,Great Coasters International,1995,Steel,41.487,-82.6511,52.3,101.4,2,2.6
Coaster_233,Kings Island,Operating,Intamin,2007,Steel,39.2976,-84.2655,56.2,96.1,0,3.1
Coaster_234,Busch Gardens Williamsburg,Operating,Rocky Mountain Construction,1995,Steel,37.2578,-76.6651,50.9,122.3,0,1.8
Coaster_235,Kings Island,Operating,S&S - Sansei Technologies,1984,Wood,39.3315,-84.2605,32.9,67.4,0,3.2
Coaster_236,Hersheypark,Operating,Mack Rides,1983,Wood,40.2727,-76.6155,40.9,32.9,0,3.3
Coaster_237,Six Flags Magic Mountain,Removed,Intamin,1997,Steel,34.4074,-118.5806,59.7,,3,6.2
Coaster_238,Six Flags Over Texas,Operating,Intamin,1992,Wood,32.7739,-97.0389,42.1,84.8,0,2.9
Coaster_239,Hersheypark,Removed,Rocky Mountain Construction,2017,Steel,40.2811,-76.6278,60.2,,8,2.2
Coaster_240,Six Flags Over Texas,Removed,Philadelphia Toboggan Coasters,2000,Steel,32.7503,-97.095,54.6,96.5,1,3.8
Coaster_241,Carowinds,Operating,Arrow Dynamics,2006,Wood,35.0868,-80.9325,48.8,89.9,0,3.3
Coaster_242,Cedar Point,Removed,Great Coasters International,1999,Wood,41.489,-82.6239,42.3,92.2,0,3.5
Coaster_243,Kennywood,Closed,Mack Rides,2023,Steel,40.3866,-79.8934,62.2,124.6,1,3.0
Coaster_244,Busch Gardens Williamsburg,Operating,Rocky Mountain Construction,2013,Steel,37.2156,-76.6103,69.4,125.8,1,5.2
Coaster_245,Six Flags Over Texas,Closed,Philadelphia Toboggan Coasters,2005,Wood,32.7343,-97.1155,50.1,98.1,0,3.5
Coaster_246,Six Flags Over Texas,Operating,S&S - Sansei Technologies,2023,Wood,32.7463,-97.0749,65.0,107.4,0,1.9
Coaster_247,Cedar Point,Removed,Great Coasters International,2001,Steel,41.4972,-82.6923,59.9,131.1,4,5.4
Coaster_248,Cedar Point,Removed,Mack Rides,2023,Steel,41.5024,-82.652,74.2,127.1,1,3.9
Coaster_249,Six Flags Over Texas,Operating,S&S - Sansei Technologies,2008,Steel,32.7773,-97.114,61.8,119.9,2,2.1
Coaster_250,Six Flags Over Texas,Operating,Great Coasters International,2018,Steel,32.7612,-97.0543,73.7,107.3,1,4.1
Coaster_251,Hersheypark,Removed,Great Coasters International,2017,Steel,40.3079,-76.6549,63.7,135.7,3,2.7
Coaster_252,Cedar Point,Operating,Vekoma,1975,Steel,41.4641,-82.6798,37.4,61.9,0,2.9
Coaster_253,Kennywood,Operating,Arrow Dynamics,2012,Steel,40.3747,-79.8637,67.2,113.1,2,4.3
Coaster_254,Silver Dollar City,Operating,Intamin,2017,Steel,36.6439,-93.346,77.6,131.1,0,3.1
Coaster_255,Silver Dollar City,Removed,Premier Rides,1992,Steel,36.6469,-93.3491,46.0,90.5,3,3.3
Coaster_256,Six Flags Over Texas,Closed,Great Coasters International,2021,Steel,32.7741,-97.0846,65.8,145.0,2,2.3
Coaster_257,Six Flags Great Adventure,Operating,S&S - Sansei Technologies,1997,Steel,40.1731,-74.4462,54.0,109.4,3,2.9
Coaster_258,Kennywood,Closed,Philadelphia Toboggan Coasters,2007,Steel,40.3996,-79.8835,60.4,126.3,1,3.3
Coaster_259,Cedar Point,Operating,Great Coasters International,1982,Steel,41.474,-82.6913,54.6,91.6,2,3.9
Coaster_260,Kennywood,Operating,Mack Rides,2003,Steel,40.4175,-79.8623,54.2,94.9,0,4.1
Coaster_261,Kings Island,Operating,Philadelphia Toboggan Coasters,2023,Steel,39.3513,-84.2573,67.8,110.2,1,3.0
Coaster_262,Carowinds,Operating,Vekoma,1981,Steel,35.0956,-80.9613,50.7,88.5,1,5.0
Coaster_263,Kennywood,Operating,Premier Rides,1975,Steel,40.3675,-79.8707,33.0,88.1,2,2.2
Coaster_264,Silver Dollar City,Operating,Bolliger & Mabillard,1998,Steel,36.7133,-93.3367,64.2,104.5,0,4.8
Coaster_265,Kennywood,Operating,Great Coasters International,2002,Steel,40.419,-79.8731,58.1,97.8,1,2.7
Coaster_266,Kennywood,Operating,Mack Rides,2017,Steel,40.364,-79.894,70.6,103.7,0,2.2
Coaster_267,Cedar Point,Operating,Great Coasters International,2012,Steel,41.4659,-82.692,64.7,93.9,3,5.6
Coaster_268,Cedar Point,Removed,Arrow Dynamics,2001,Wood,41.4867,-82.6469,49.4,113.1,0,2.9
Coaster_269,Six Flags Great Adventure,Operating,Great Coasters International,1994,Wood,40.1513,-74.4295,42.1,68.7,0,2.3
Coaster_270,Dollywood,Operating,Rocky Mountain Construction,1982,Wood,35.7804,-83.5337,45.1,70.8,0,2.4
Coaster_271,Six Flags Great Adventure,Operating,Great Coasters International,2021,Wood,40.1519,-74.4204,59.3,82.4,0,4.2
Coaster_272,Cedar Point,Operating,Philadelphia Toboggan Coasters,1975,Steel,41.4799,-82.7356,37.6,51.9,4,2.2
Coaster_273,Six Flags Magic Mountain,Operating,Philadelphia Toboggan Coasters,1989,Wood,34.4123,-118.6086,37.3,81.8,0,2.0
Coaster_274,Silver Dollar City,Operating,Great Coasters International,1975,Steel,36.6839,-93.3261,39.9,73.0,1,3.8
Coaster_275,Silver Dollar City,Operating,Mack Rides,1984,Wood,36.6766,-93.3455,40.0,83.9,0,2.9
Coaster_276,Kings Island,Operating,Bolliger & Mabillard,2006,Steel,39.3462,-84.2705,67.6,91.4,0,3.3
Coaster_277,Kings Island,Operating,S&S - Sansei Technologies,1990,Steel,39.3432,-84.268,58.0,107.9,2,2.7
Coaster_278,Busch Gardens Williamsburg,Operating,Philadelphia Toboggan Coasters,2005,Steel,37.2123,-76.6324,70.1,,2,3.6
Coaster_279,Busch Gardens Williamsburg,Operating,Arrow Dynamics,2001,Steel,37.2547,-76.6378,50.2,114.8,4,3.6
Coaster_280,Carowinds,Removed,Intamin,2005,Steel,35.0762,-80.947,58.8,96.2,0,3.6
Coaster_281,Knott's Berry Farm,Operating,Mack Rides,2006,Steel,33.8371,-117.9736,75.9,76.3,1,2.9
Coaster_282,Kings Island,Operating,Philadelphia Toboggan Coasters,1997,Steel,39.3298,-84.2792,50.0,80.4,1,5.6
Coaster_283,Six Flags Over Texas,Operating,Arrow Dynamics,1994,Steel,32.7451,-97.0356,60.2,73.3,0,2.6
Coaster_284,Kings Island,Operating,Intamin,2007,Steel,39.3533,-84.2427,60.5,116.7,3,3.6
Coaster_285,Kings Island,Removed,Bolliger & Mabillard,2003,Steel,39.3432,-84.2689,46.9,134.8,1,
Coaster_286,Cedar Point,Operating,Philadelphia Toboggan Coasters,2023,Steel,41.4964,-82.6729,74.6,121.2,2,1.3
Coaster_287,Six Flags Over Texas,Operating,Mack Rides,2012,Steel,32.7531,-97.0691,75.6,112.3,1,2.4
Coaster_288,Six Flags Magic Mountain,Operating,Intamin,1997,Wood,34.4062,-118.6256,41.8,77.7,0,3.3
Coaster_289,Six Flags Over Texas,Operating,Rocky Mountain Construction,2016,Steel,32.743,-97.0962,66.0,,0,1.7
Coaster_290,Kings Island,Operating,S&S - Sansei Technologies,1991,Steel,39.3502,-84.2794,62.6,99.2,4,2.1
Coaster_291,Carowinds,Operating,Vekoma,2011,Steel,35.0709,-80.9049,62.3,91.1,2,4.8
Coaster_292,Cedar Point,Operating,Great Coasters International,2016,Steel,41.5007,-82.7071,69.3,132.4,1,4.8
Coaster_293,Kennywood,Operating,Rocky Mountain Construction,2007,Steel,40.3668,-79.8279,62.6,113.3,2,3.9
Coaster_294,Knott's Berry Farm,Operating,Vekoma,1975,Steel,33.8308,-117.9763,42.8,84.1,1,4.0
Coaster_295,Hersheypark,Operating,Arrow Dynamics,1979,Steel,40.2847,-76.6448,47.4,69.7,1,1.9
Coaster_296,Kings Island,Removed,Bolliger & Mabillard,1996,Wood,39.3084,-84.3123,45.0,77.8,0,4.1
Coaster_297,Cedar Point,Operating,Vekoma,2006,Wood,41.5043,-82.6713,57.1,95.2,0,3.9
Coaster_298,Hersheypark,Closed,Rocky Mountain Construction,2006,Steel,40.2897,-76.6383,62.9,134.2,0,3.1
Coaster_299,Six Flags Magic Mountain,Operating,Intamin,2001,Steel,34.4397,-118.5978,64.0,136.1,0,2.8
Coaster_300,Knott's Berry Farm,Operating,Rocky Mountain Construction,1999,Wood,33.8456,-118.0017,56.2,83.1,0,2.5
Coaster_301,Busch Gardens Williamsburg,Removed,Arrow Dynamics,2019,Steel,37.232,-76.6507,65.2,,6,2.4
Coaster_302,Knott's Berry Farm,Operating,Premier Rides,1994,Steel,33.8256,-117.9965,51.1,108.8,3,3.1
Coaster_303,Kennywood,Operating,Philadelphia Toboggan Coasters,1997,Steel,40.3958,-79.9106,66.1,121.6,4,4.1
Coaster_304,Kennywood,Operating,Vekoma,1986,Steel,40.3716,-79.8528,52.8,86.3,2,3.5
Coaster_305,Cedar Point,Operating,Arrow Dynamics,1993,Wood,41.4896,-82.6915,51.0,79.1,0,3.5
Coaster_306,Kings Island,Closed,Premier Rides,2017,Steel,39.3621,-84.2717,67.4,112.0,1,4.5
Coaster_307,Kennywood,Operating,Intamin,1996,Steel,40.4218,-79.8726,59.2,81.3,1,2.5
Coaster_308,Six Flags Over Texas,Operating,Premier Rides,1995,Steel,32.7788,-97.0285,59.5,90.6,1,2.6
Coaster_309,Six Flags Magic Mountain,Operating,S&S - Sansei Technologies,2000,Steel,34.4043,-118.6159,67.8,95.4,2,3.0
Coaster_310,Carowinds,Operating,Bolliger & Mabillard,2023,Steel,35.1086,-80.9595,76.6,126.7,3,4.2
Coaster_311,Six Flags Magic Mountain,Closed,S&S - Sansei Technologies,2007,Steel,34.4192,-118.5802,58.8,110.6,1,3.6
Coaster_312,Knott's Berry Farm,Operating,Arrow Dynamics,2017,Steel,33.8796,-117.9894,53.4,117.4,3,4.4
Coaster_313,Kennywood,Removed,Arrow Dynamics,1999,Steel,40.3468,-79.8769,56.9,124.1,2,3.5
Coaster_314,Hersheypark,Operating,Arrow Dynamics,1988,Steel,40.2691,-76.6204,47.9,81.5,0,3.3
Coaster_315,Busch Gardens Williamsburg,Operating,S&S - Sansei Technologies,2007,Steel,37.2342,-76.6194,64.8,113.0,3,5.2
Coaster_316,Silver Dollar City,Operating,Intamin,1995,Steel,36.6776,-93.3506,48.9,110.5,4,3.9
Coaster_317,Silver Dollar City,Closed,Philadelphia Toboggan Coasters,1982,Steel,36.6624,-93.3085,34.8,67.2,2,1.4
Coaster_318,Kings Island,Removed,Intamin,2001,Steel,39.3666,-84.253,53.7,126.3,0,3.8
Coaster_319,Six Flags Over Texas,Removed,Philadelphia Toboggan Coasters,1978,Wood,32.7396,-97.0603,27.4,63.4,0,2.6
Coaster_320,Carowinds,Operating,Premier Rides,2004,Steel,35.0583,-80.9396,57.7,105.8,0,2.3
Coaster_321,Six Flags Over Texas,Operating,Premier Rides,1996,Wood,32.7913,-97.0639,39.5,98.5,0,1.6
Coaster_322,Kennywood,Operating,Vekoma,1996,Steel,40.3217,-79.8521,50.1,107.4,3,1.7
Coaster_323,Six Flags Magic Mountain,Closed,Rocky Mountain Construction,2010,Wood,34.4432,-118.6178,52.7,115.7,0,2.8
Coaster_324,Dollywood,Operating,Bolliger & Mabillard,2022,Steel,35.776,-83.515,65.7,120.5,0,
Coaster_325,Hersheypark,Operating,Philadelphia Toboggan Coasters,1990,Steel,40.2778,-76.629,56.6,83.7,2,4.3
Coaster_326,Silver Dollar City,Operating,S&S - Sansei Technologies,2021,Steel,36.6302,-93.3506,59.8,128.7,3,3.5
Coaster_327,Dollywood,Removed,Vekoma,2016,Steel,35.7727,-83.5556,55.3,141.1,3,2.5
Coaster_328,Cedar Point,Operating,Premier Rides,2007,Steel,41.4821,-82.6729,54.0,93.9,0,4.3
Coaster_329,Dollywood,Operating,S&S - Sansei Technologies,1985,Steel,35.7581,-83.5421,46.5,73.5,1,2.7
Coaster_330,Silver Dollar City,Operating,Rocky Mountain Construction,2003,Steel,36.6784,-93.3479,51.2,131.1,2,
Coaster_331,Kings Island,Operating,Arrow Dynamics,1985,Steel,39.3267,-84.3099,43.0,91.3,2,
Coaster_332,Kings Island,Closed,Intamin,2009,Steel,39.3154,-84.2578,67.8,90.6,2,1.5
Coaster_333,Six Flags Over Texas,Operating,Philadelphia Toboggan Coasters,1980,Steel,32.7869,-97.0981,38.5,66.6,1,5.2
Coaster_334,Kings Island,Closed,Philadelphia Toboggan Coasters,2013,Wood,39.3581,-84.2856,51.2,96.9,0,3.9
Coaster_335,Carowinds,Operating,Vekoma,1990,Wood,35.1353,-80.9849,48.4,68.3,0,5.2
Coaster_336,Silver Dollar City,Operating,Premier Rides,2018,Wood,36.6515,-93.3131,58.0,108.1,0,3.6
Coaster_337,Carowinds,Closed,Premier Rides,2022,Steel,35.089,-80.9401,79.1,131.2,3,3.7
Coaster_338,Hersheypark,Operating,Philadelphia Toboggan Coasters,2007,Steel,40.2835,-76.6523,63.6,126.0,1,5.5
Coaster_339,Carowinds,Removed,S&S - Sansei Technologies,1999,Wood,35.101,-80.9737,48.4,89.7,0,3.7
Coaster_340,Six Flags Magic Mountain,Closed,Vekoma,1982,Steel,34.42,-118.5854,48.8,104.0,2,4.2
Coaster_341,Six Flags Magic Mountain,Operating,Arrow Dynamics,1980,Steel,34.4272,-118.5779,42.7,89.5,2,2.9
Coaster_342,Kings Island,Operating,Philadelphia Toboggan Coasters,1984,Steel,39.3118,-84.3061,39.6,92.7,4,2.5
Coaster_343,Carowinds,Operating,Mack Rides,2009,Steel,35.0885,-80.9222,58.8,89.0,2,4.4
Coaster_344,Knott's Berry Farm,Removed,Great Coasters International,2013,Steel,33.8579,-117.971,54.7,122.3,4,2.6
Coaster_345,Six Flags Great Adventure,Operating,Rocky Mountain Construction,1993,Steel,40.1292,-74.4485,51.4,73.6,2,4.6
Coaster_346,Knott's Berry Farm,Removed,Great Coasters International,1975,Steel,33.8428,-117.9955,37.6,84.1,2,3.3
Coaster_347,Kings Island,Operating,Philadelphia Toboggan Coasters,2021,Steel,39.3561,-84.2776,68.1,92.5,2,3.9
Coaster_348,Busch Gardens Williamsburg,Operating,Great Coasters International,1986,Wood,37.2307,-76.6504,35.4,92.9,0,2.8
Coaster_349,Six Flags Magic Mountain,Operating,S&S - Sansei Technologies,2014,Steel,34.4016,-118.5783,68.5,103.4,2,3.9
Coaster_350,Kings Island,Operating,Great Coasters International,2000,Steel,39.3124,-84.2771,62.7,112.3,1,3.5
Coaster_351,Carowinds,Operating,S&S - Sansei Technologies,2008,Steel,35.0978,-80.9464,62.0,,3,2.6
Coaster_352,Kennywood,Operating,Philadelphia Toboggan Coasters,2009,Steel,40.3971,-79.8632,59.2,107.5,1,3.1
Coaster_353,Knott's Berry Farm,Operating,Bolliger & Mabillard,2000,Wood,33.8275,-117.9608,58.7,104.4,0,3.3
Coaster_354,Kings Island,Operating,Mack Rides,2004,Steel,39.335,-84.2673,50.9,121.6,1,2.6
Coaster_355,Dollywood,Operating,Rocky Mountain Construction,1992,Steel,35.8,-83.5063,54.3,91.2,2,2.3
Coaster_356,Cedar Point,Operating,Bolliger & Mabillard,1995,Steel,41.4936,-82.7026,51.8,99.2,2,5.5
Coaster_357,Busch Gardens Williamsburg,Closed,Premier Rides,1998,Steel,37.2723,-76.6229,55.6,104.7,1,3.7
Coaster_358,Carowinds,Operating,Rocky Mountain Construction,1993,Steel,35.1273,-80.9191,47.6,88.5,3,3.1
Coaster_359,Carowinds,Operating,Bolliger & Mabillard,2023,Steel,35.0759,-80.9668,70.1,115.8,3,2.7
Coaster_360,Kings Island,Operating,Great Coasters International,2007,Steel,39.3799,-84.2156,62.7,101.7,1,4.4
Coaster_361,Cedar Point,Operating,Great Coasters International,2008,Steel,41.5033,-82.6606,63.7,105.0,1,3.6
Coaster_362,Kings Island,Operating,Great Coasters International,2005,Steel,39.2885,-84.2884,64.0,118.1,2,2.8
Coaster_363,Busch Gardens Williamsburg,Operating,S&S - Sansei Technologies,2023,Steel,37.2453,-76.6397,69.8,93.2,3,4.1
Coaster_364,Cedar Point,Operating,Bolliger & Mabillard,1986,Steel,41.5105,-82.6628,44.2,83.0,3,5.6
Coaster_365,Carowinds,Removed,S&S - Sansei Technologies,1999,Steel,35.0967,-80.9631,52.0,101.4,1,3.4
Coaster_366,Kennywood,Operating,S&S - Sansei Technologies,2003,Wood,40.3784,-79.8742,50.5,106.0,0,
Coaster_367,Busch Gardens Williamsburg,Removed,Premier Rides,2012,Wood,37.237,-76.6413,51.6,78.9,0,
Coaster_368,Knott's Berry Farm,Operating,S&S - Sansei Technologies,1991,Steel,33.8299,-118.0116,53.3,80.1,0,5.0
Coaster_369,Cedar Point,Operating,Rocky Mountain Construction,1976,Wood,41.4682,-82.6492,35.9,51.8,0,4.6
Coaster_370,Kings Island,Operating,Arrow Dynamics,2016,Steel,39.3176,-84.286,60.3,89.3,1,2.0
Coaster_371,Silver Dollar City,Operating,Great Coasters International,1995,Steel,36.653,-93.35,51.2,126.6,3,4.1
Coaster_372,Carowinds,Operating,Bolliger & Mabillard,2006,Wood,35.1263,-80.994,62.2,82.0,0,4.0
Coaster_373,Six Flags Great Adventure,Operating,Intamin,1999,Wood,40.1245,-74.4389,57.7,74.1,0,3.6
Coaster_374,Kings Island,Operating,Great Coasters International,2005,Steel,39.3254,-84.2603,45.5,106.8,0,3.8
Coaster_375,Cedar Point,Removed,Rocky Mountain Construction,2006,Steel,41.4869,-82.6641,65.9,137.7,2,3.7
Coaster_376,Cedar Point,Operating,Mack Rides,2002,Steel,41.5003,-82.6719,59.2,106.8,2,3.8
Coaster_377,Six Flags Over Texas,Operating,Vekoma,1987,Steel,32.7792,-97.0471,47.9,82.2,3,2.4
Coaster_378,Knott's Berry Farm,Closed,Bolliger & Mabillard,2010,Steel,33.8696,-118.0146,59.8,77.4,5,2.7
Coaster_379,Six Flags Magic Mountain,Operating,Mack Rides,1984,Steel,34.399,-118.5965,48.6,72.6,1,3.9
Coaster_380,Knott's Berry Farm,Operating,S&S - Sansei Technologies,2005,Steel,33.8792,-118.0064,59.1,97.3,1,1.7
Coaster_381,Knott's Berry Farm,Operating,Rocky Mountain Construction,2023,Steel,33.8484,-117.9873,72.7,120.1,3,1.0
Coaster_382,Six Flags Magic Mountain,Removed,Mack Rides,1987,Steel,34.4477,-118.5971,46.4,114.7,3,4.7
Coaster_383,Knott's Berry Farm,Operating,S&S - Sansei Technologies,2023,Steel,33.8496,-117.9604,66.7,134.2,4,3.3
Coaster_384,Kings Island,Removed,Premier Rides,2023,Steel,39.3524,-84.2831,72.0,115.2,2,3.0
Coaster_385,Silver Dollar City,Removed,Premier Rides,2009,Steel,36.6789,-93.3557,62.8,71.7,0,4.6
Coaster_386,Silver Dollar City,Operating,Arrow Dynamics,2013,Steel,36.6802,-93.3455,69.3,106.0,0,2.8
Coaster_387,Six Flags Great Adventure,Operating,Intamin,2002,Steel,40.143,-74.4704,64.3,114.1,0,
Coaster_388,Carowinds,Removed,Premier Rides,1995,Steel,35.1349,-80.9396,58.9,71.5,4,3.4
Coaster_389,Silver Dollar City,Operating,Mack Rides,1993,Steel,36.6672,-93.3633,61.2,101.1,2,3.1
Coaster_390,Silver Dollar City,Operating,Vekoma,2010,Steel,36.6861,-93.3286,56.0,124.6,1,
Coaster_391,Kings Island,Closed,Intamin,1995,Steel,39.3135,-84.2764,45.6,117.2,2,3.5
Coaster_392,Kings Island,Operating,Arrow Dynamics,1992,Steel,39.3283,-84.2605,40.8,86.0,1,3.1
Coaster_393,Six Flags Magic Mountain,Closed,Rocky Mountain Construction,2022,Wood,34.4128,-118.5735,53.8,100.5,0,3.6
Coaster_394,Dollywood,Operating,Mack Rides,1993,Wood,35.7606,-83.5071,37.6,98.1,0,3.4
Coaster_395,Carowinds,Operating,Arrow Dynamics,1994,Steel,35.1184,-80.9653,58.1,72.1,4,3.3
Coaster_396,Six Flags Great Adventure,Operating,Rocky Mountain Construction,2000,Wood,40.1352,-74.4222,45.9,104.4,0,4.0
Coaster_397,Dollywood,Operating,S&S - Sansei Technologies,2002,Wood,35.7912,-83.5472,47.8,86.9,0,2.7
Coaster_398,Kings Island,Operating,Intamin,2023,Steel,39.3525,-84.2637,64.5,122.9,3,3.7
Coaster_399,Six Flags Great Adventure,Operating,S&S - Sansei Technologies,1975,Steel,40.1453,-74.4269,37.4,65.9,1,3.0
Coaster_400,Silver Dollar City,Operating,S&S - Sansei Technologies,1982,Steel,36.6909,-93.3353,45.0,90.5,6,2.0
Coaster_401,Six Flags Magic Mountain,Operating,Philadelphia Toboggan Coasters,2023,Wood,34.4049,-118.6257,63.2,104.8,0,1.9
Coaster_402,Six Flags Magic Mountain,Operating,S&S - Sansei Technologies,1986,Steel,34.4235,-118.6,49.4,86.0,3,4.1
Coaster_403,Busch Gardens Williamsburg,Closed,Bolliger & Mabillard,1998,Steel,37.214,-76.6223,60.4,81.1,1,2.0
Coaster_404,Knott's Berry Farm,Operating,Philadelphia Toboggan Coasters,2003,Steel,33.8367,-118.0104,65.3,128.7,3,4.7
Coaster_405,Six Flags Great Adventure,Closed,Arrow Dynamics,1996,Steel,40.1668,-74.438,51.5,98.5,1,4.1
Coaster_406,Carowinds,Removed,Arrow Dynamics,2010,Steel,35.1177,-80.9265,49.5,104.8,0,4.5
Coaster_407,Carowinds,Operating,Mack Rides,1986,Wood,35.0865,-80.9296,36.3,49.9,0,1.9
Coaster_408,Hersheypark,Operating,Great Coasters International,2023,Steel,40.2919,-76.6776,67.8,144.0,2,4.4
Coaster_409,Six Flags Over Texas,Operating,Rocky Mountain Construction,2001,Steel,32.7354,-97.0779,57.1,109.8,3,3.5
Coaster_410,Hersheypark,Removed,Philadelphia Toboggan Coasters,1987,Steel,40.298,-76.6568,44.2,100.7,1,3.8
Coaster_411,Six Flags Magic Mountain,Operating,Intamin,1999,Wood,34.4155,-118.6046,39.7,69.8,0,1.0
Coaster_412,Dollywood,Operating,Rocky Mountain Construction,2013,Steel,35.7603,-83.5198,63.8,152.1,2,2.0
Coaster_413,Cedar Point,Operating,Premier Rides,1981,Steel,41.4753,-82.6739,33.6,91.2,1,4.0
Coaster_414,Kings Island,Operating,Mack Rides,2005,Steel,39.3261,-84.3051,55.0,129.3,5,4.6
Coaster_415,Hersheypark,Operating,Premier Rides,2005,Steel,40.2674,-76.6492,61.5,104.7,2,4.3
Coaster_416,Six Flags Magic Mountain,Removed,S&S - Sansei Technologies,1987,Wood,34.415,-118.5964,54.9,96.3,0,3.8
Coaster_417,Knott's Berry Farm,Operating,Rocky Mountain Construction,1996,Steel,33.8562,-118.0002,49.9,110.5,2,3.3
Coaster_418,Six Flags Over Texas,Operating,Arrow Dynamics,2004,Wood,32.7275,-97.0664,47.8,94.5,0,3.5
Coaster_419,Six Flags Great Adventure,Closed,Vekoma,2011,Steel,40.1436,-74.4191,58.5,125.4,2,3.6
Coaster_420,Kings Island,Operating,Intamin,2009,Wood,39.329,-84.3007,37.7,89.4,0,4.8
Coaster_421,Six Flags Great Adventure,Operating,Vekoma,2006,Wood,40.1198,-74.476,56.4,107.8,0,2.9
Coaster_422,Six Flags Magic Mountain,Closed,Rocky Mountain Construction,2007,Steel,34.4364,-118.6221,56.5,94.6,5,5.2
Coaster_423,Kennywood,Operating,S&S - Sansei Technologies,2023,Steel,40.3973,-79.8562,72.0,148.8,3,4.5
Coaster_424,Six Flags Magic Mountain,Closed,Premier Rides,1975,Steel,34.4061,-118.6034,34.5,57.7,4,4.4
Coaster_425,Cedar Point,Operating,Premier Rides,2014,Steel,41.4861,-82.6832,70.8,130.8,2,3.6
Coaster_426,Silver Dollar City,Closed,Mack Rides,2019,Steel,36.6628,-93.3399,67.9,104.3,2,1.4
Coaster_427,Six Flags Over Texas,Removed,Bolliger & Mabillard,1997,Steel,32.7671,-97.0556,48.5,128.7,2,3.5
Coaster_428,Knott's Berry Farm,Operating,Great Coasters International,2001,Steel,33.8507,-118.0099,74.4,111.5,2,4.5
Coaster_429,Dollywood,Operating,Arrow Dynamics,1995,Steel,35.7781,-83.4944,56.2,,1,2.5
Coaster_430,Hersheypark,Operating,S&S - Sansei Technologies,1997,Steel,40.3498,-76.6497,61.6,95.4,4,3.0
Coaster_431,Kings Island,Removed,Premier Rides,1992,Wood,39.3423,-84.2387,45.0,81.9,0,2.5
Coaster_432,Silver Dollar City,Operating,Philadelphia Toboggan Coasters,2007,Steel,36.6734,-93.3467,58.0,115.2,1,4.4
Coaster_433,Busch Gardens Williamsburg,Operating,S&S - Sansei Technologies,2001,Steel,37.2155,-76.6921,56.5,85.4,5,5.3
Coaster_434,Silver Dollar City,Removed,Bolliger & Mabillard,2006,Wood,36.6389,-93.32,50.7,86.3,0,4.4
Coaster_435,Carowinds,Operating,Arrow Dynamics,1998,Wood,35.0733,-80.9254,52.8,106.2,0,3.2
Coaster_436,Busch Gardens Williamsburg,Operating,Rocky Mountain Construction,1990,Steel,37.2507,-76.6393,51.4,91.9,2,5.6
Coaster_437,Six Flags Over Texas,Operating,Rocky Mountain Construction,2008,Steel,32.7725,-97.0906,56.3,82.1,2,3.0
Coaster_438,Six Flags Magic Mountain,Operating,Intamin,2015,Wood,34.4079,-118.6043,55.8,106.9,0,3.0
Coaster_439,Dollywood,Operating,Rocky Mountain Construction,1978,Steel,35.772,-83.5351,44.2,61.4,2,4.8
Coaster_440,Six Flags Magic Mountain,Operating,Arrow Dynamics,1995,Steel,34.4374,-118.6252,60.0,97.4,0,3.9
Coaster_441,Busch Gardens Williamsburg,Operating,Mack Rides,2011,Steel,37.2358,-76.6685,67.4,115.3,2,3.3
Coaster_442,Kings Island,Removed,Intamin,2005,Steel,39.3519,-84.2615,61.6,104.2,2,1.6
Coaster_443,Cedar Point,Operating,Mack Rides,1997,Steel,41.4438,-82.7281,55.0,,0,3.4
Coaster_444,Carowinds,Operating,Rocky Mountain Construction,2023,Steel,35.1172,-80.9432,71.5,133.9,1,5.9
Coaster_445,Six Flags Magic Mountain,Operating,Mack Rides,1984,Steel,34.4221,-118.5893,50.9,86.0,1,3.4
Coaster_446,Knott's Berry Farm,Operating,Bolliger & Mabillard,2006,Steel,33.8145,-117.9903,58.8,90.3,2,3.1
Coaster_447,Busch Gardens Williamsburg,Operating,Intamin,2009,Steel,37.2057,-76.6402,62.4,115.5,2,2.9
Coaster_448,Six Flags Magic Mountain,Operating,Mack Rides,1978,Steel,34.4195,-118.6054,45.6,68.3,4,2.8
Coaster_449,Kings Island,Operating,Mack Rides,1995,Steel,39.3248,-84.3018,71.4,68.3,3,4.2
Coaster_450,Hersheypark,Operating,Intamin,2008,Steel,40.3289,-76.6336,62.7,100.0,0,3.1
Coaster_451,Kings Island,Operating,Great Coasters International,2023,Steel,39.3487,-84.254,69.3,104.1,1,3.3
Coaster_452,Kennywood,Removed,Great Coasters International,2003,Steel,40.4209,-79.8772,60.5,138.0,3,3.8
Coaster_453,Dollywood,Operating,Rocky Mountain Construction,1997,Wood,35.8139,-83.5202,40.3,85.2,0,5.7
Coaster_454,Cedar Point,Operating,Bolliger & Mabillard,2008,Steel,41.4738,-82.648,75.1,127.5,2,4.6
Coaster_455,Carowinds,Removed,S&S - Sansei Technologies,2018,Steel,35.0735,-80.9266,69.7,123.4,3,6.2
Coaster_456,Six Flags Over Texas,Operating,Arrow Dynamics,2022,Wood,32.7566,-97.056,61.6,108.1,0,4.0
Coaster_457,Kennywood,Operating,Great Coasters International,1990,Wood,40.4218,-79.8852,52.4,77.6,0,4.6
Coaster_458,Dollywood,Operating,Intamin,1996,Steel,35.8198,-83.536,52.6,79.6,0,4.7
Coaster_459,Knott's Berry Farm,Closed,Intamin,2014,Wood,33.8522,-117.961,61.6,90.2,0,3.6
Coaster_460,Hersheypark,Operating,Premier Rides,1988,Steel,40.2917,-76.6399,45.6,80.5,2,5.6
Coaster_461,Cedar Point,Operating,Mack Rides,1997,Wood,41.5181,-82.68,49.6,106.0,0,1.5
Coaster_462,Cedar Point,Operating,Premier Rides,2018,Steel,41.4882,-82.7072,68.1,112.1,2,4.9
Coaster_463,Six Flags Great Adventure,Operating,Bolliger & Mabillard,1994,Steel,40.0968,-74.4257,55.7,67.0,2,3.8
Coaster_464,Busch Gardens Williamsburg,Operating,Mack Rides,2006,Steel,37.231,-76.6312,56.6,111.8,3,1.1
Coaster_465,Dollywood,Operating,S&S - Sansei Technologies,1979,Steel,35.7734,-83.5919,39.8,,3,3.7
Coaster_466,Silver Dollar City,Operating,Philadelphia Toboggan Coasters,1999,Steel,36.6688,-93.3426,60.4,109.8,0,4.7
Coaster_467,Hersheypark,Closed,Arrow Dynamics,1992,Steel,40.2768,-76.6658,47.9,73.4,0,4.4
Coaster_468,Busch Gardens Williamsburg,Operating,Premier Rides,2006,Steel,37.2287,-76.6451,59.3,110.3,2,3.4
Coaster_469,Silver Dollar City,Removed,Rocky Mountain Construction,1998,Steel,36.6807,-93.321,53.9,97.7,2,3.1
Coaster_470,Kennywood,Closed,Vekoma,1989,Steel,40.369,-79.9231,54.9,95.4,0,
Coaster_471,Knott's Berry Farm,Removed,Intamin,2016,Steel,33.8602,-118.0057,52.9,90.7,3,3.9
Coaster_472,Six Flags Great Adventure,Operating,Bolliger & Mabillard,2023,Steel,40.1152,-74.4435,72.2,126.6,3,3.7
Coaster_473,Silver Dollar City,Removed,Philadelphia Toboggan Coasters,1975,Steel,36.6248,-93.3063,41.4,55.7,1,
Coaster_474,Silver Dollar City,Operating,Great Coasters International,2016,Steel,36.6521,-93.3716,60.3,149.6,2,2.3
Coaster_475,Six Flags Over Texas,Operating,Mack Rides,1983,Steel,32.7762,-97.1032,53.7,101.4,2,2.7
Coaster_476,Hersheypark,Operating,Premier Rides,2023,Wood,40.3165,-76.6481,53.0,106.9,0,6.5
Coaster_477,Six Flags Great Adventure,Closed,Intamin,2017,Steel,40.1562,-74.4705,57.2,133.6,0,2.9
Coaster_478,Carowinds,Operating,Great Coasters International,2002,Steel,35.1132,-80.9565,63.5,118.4,1,3.5
Coaster_479,Silver Dollar City,Operating,Bolliger & Mabillard,2015,Steel,36.6663,-93.3237,60.6,123.7,0,3.7
Coaster_480,Kings Island,Operating,Mack Rides,2002,Steel,39.3549,-84.2595,60.9,121.1,1,5.3
Coaster_481,Dollywood,Operating,S&S - Sansei Technologies,2002,Wood,35.7762,-83.51,52.4,79.4,0,4.3
Coaster_482,Knott's Berry Farm,Removed,Vekoma,2000,Steel,33.8359,-117.9909,57.0,90.1,3,5.4
Coaster_483,Kings Island,Operating,Intamin,2010,Steel,39.3467,-84.3067,58.2,106.5,6,3.8
Coaster_484,Kennywood,Removed,Philadelphia Toboggan Coasters,2023,Steel,40.3917,-79.8652,74.0,123.2,2,4.2
Coaster_485,Busch Gardens Williamsburg,Removed,Philadelphia Toboggan Coasters,1979,Steel,37.2228,-76.6204,47.2,92.8,2,3.6
Coaster_486,Kings Island,Operating,Premier Rides,2008,Steel,39.3094,-84.2812,63.6,93.7,0,4.9
Coaster_487,Busch Gardens Williamsburg,Operating,Philadelphia Toboggan Coasters,1983,Steel,37.2128,-76.6407,44.6,73.3,0,4.6
Coaster_488,Busch Gardens Williamsburg,Operating,Intamin,2023,Steel,37.212,-76.6494,69.1,112.2,1,3.4
Coaster_489,Carowinds,Closed,Premier Rides,2007,Steel,35.1052,-80.9399,70.5,104.2,1,3.0
Coaster_490,Six Flags Great Adventure,Operating,Vekoma,1991,Steel,40.1366,-74.4422,54.2,98.7,1,4.4
Coaster_491,Silver Dollar City,Operating,Mack Rides,2014,Wood,36.6631,-93.3375,52.1,105.9,0,4.4
Coaster_492,Dollywood,Operating,Rocky Mountain Construction,1975,Steel,35.7961,-83.5229,40.8,66.4,1,2.7
Coaster_493,Hersheypark,Operating,S&S - Sansei Technologies,1992,Steel,40.2797,-76.6718,64.2,81.5,1,3.8
Coaster_494,Dollywood,Closed,Intamin,2006,Steel,35.8058,-83.5269,67.7,112.1,2,2.2
Coaster_495,Kennywood,Operating,Intamin,1987,Steel,40.4051,-79.8572,31.0,81.1,3,3.0
Coaster_496,Cedar Point,Removed,Rocky Mountain Construction,1985,Wood,41.4962,-82.7114,37.7,70.2,0,3.0
Coaster_497,Hersheypark,Operating,Premier Rides,1987,Wood,40.2663,-76.6771,44.4,86.3,0,3.5
Coaster_498,Carowinds,Operating,Intamin,1998,Steel,35.101,-80.9096,52.2,123.6,2,1.4
Coaster_499,Kennywood,Operating,Philadelphia Toboggan Coasters,2008,Steel,40.3735,-79.8585,58.7,113.3,3,3.3
Coaster_500,Carowinds,Operating,Mack Rides,2002,Steel,35.1008,-80.8974,54.0,101.8,1,2.4
Coaster_501,Hersheypark,Operating,Mack Rides,2021,Wood,40.3072,-76.6435,67.9,126.2,0,4.1
Coaster_502,Hersheypark,Closed,S&S - Sansei Technologies,1975,Steel,40.3064,-76.6596,41.9,87.5,2,3.7
Coaster_503,Six Flags Over Texas,Operating,Mack Rides,2013,Steel,32.7983,-97.0596,56.9,128.0,1,2.3
Coaster_504,Busch Gardens Williamsburg,Operating,Mack Rides,1995,Wood,37.214,-76.6298,43.5,75.8,0,2.8
Coaster_505,Dollywood,Operating,Vekoma,2023,Wood,35.7706,-83.5082,57.9,99.0,0,3.1
Coaster_506,Cedar Point,Operating,Arrow Dynamics,2002,Steel,41.4325,-82.6681,57.1,99.5,1,2.6
Coaster_507,Silver Dollar City,Removed,Vekoma,1984,Steel,36.6771,-93.319,58.3,83.0,3,3.5
Coaster_508,Silver Dollar City,Operating,Bolliger & Mabillard,2013,Steel,36.6734,-93.3561,65.5,109.0,1,3.2
Coaster_509,Hersheypark,Operating,Mack Rides,1996,Steel,40.2685,-76.6651,48.9,86.1,3,4.7
Coaster_510,Cedar Point,Closed,Philadelphia Toboggan Coasters,2006,Steel,41.4613,-82.6811,64.2,112.2,2,1.3
Coaster_511,Kings Island,Operating,Mack Rides,1984,Steel,39.3443,-84.2911,37.4,87.9,1,4.3
Coaster_512,Knott's Berry Farm,Removed,Mack Rides,1986,Wood,33.8444,-117.9802,47.2,70.6,0,3.2
Coaster_513,Kennywood,Operating,Rocky Mountain Construction,1988,Steel,40.3956,-79.8731,48.1,82.8,4,3.6
Coaster_514,Six Flags Great Adventure,Operating,Vekoma,1991,Steel,40.1256,-74.4449,57.7,72.5,0,3.6
Coaster_515,Six Flags Over Texas,Operating,Rocky Mountain Construction,2001,Steel,32.7632,-97.0863,55.6,94.0,1,4.3
Coaster_516,Knott's Berry Farm,Operating,Premier Rides,1984,Steel,33.8536,-117.9715,48.7,92.6,0,
Coaster_517,Hersheypark,Operating,Vekoma,2008,Steel,40.2921,-76.6626,80.9,116.0,3,1.9
Coaster_518,Hersheypark,Removed,Rocky Mountain Construction,2006,Steel,40.2871,-76.6374,53.1,104.3,0,3.8
Coaster_519,Six Flags Over Texas,Operating,Great Coasters International,2000,Steel,32.776,-97.0377,39.6,91.9,2,5.3
Coaster_520,Silver Dollar City,Removed,Rocky Mountain Construction,1997,Steel,36.658,-93.3241,53.6,128.1,2,5.0
Coaster_521,Dollywood,Operating,Bolliger & Mabillard,2020,Steel,35.8095,-83.5454,72.3,108.6,1,3.2
Coaster_522,Cedar Point,Operating,Intamin,2017,Wood,41.5009,-82.6812,56.1,61.7,0,2.8
Coaster_523,Busch Gardens Williamsburg,Operating,Bolliger & Mabillard,1990,Steel,37.2212,-76.6404,52.9,108.2,0,3.2
Coaster_524,Silver Dollar City,Operating,Bolliger & Mabillard,1995,Steel,36.6809,-93.344,45.1,101.2,1,3.9
Coaster_525,Cedar Point,Operating,Great Coasters International,1975,Steel,41.456,-82.6609,37.5,62.7,2,1.7
Coaster_526,Cedar Point,Operating,Bolliger & Mabillard,2013,Steel,41.5133,-82.712,69.4,139.0,0,4.3
Coaster_527,Hersheypark,Removed,Premier Rides,2022,Wood,40.2508,-76.6325,63.5,123.6,0,3.3
Coaster_528,Kennywood,Operating,Premier Rides,2017,Steel,40.3586,-79.8809,68.5,152.3,2,2.7
Coaster_529,Dollywood,Removed,Bolliger & Mabillard,1995,Steel,35.7985,-83.5258,53.7,92.7,3,3.9
Coaster_530,Kings Island,Removed,Bolliger & Mabillard,2005,Steel,39.2914,-84.2817,57.0,110.5,2,3.6
Coaster_531,Six Flags Over Texas,Operating,Great Coasters International,1985,Wood,32.757,-97.0443,37.8,86.9,0,2.5
Coaster_532,Six Flags Magic Mountain,Operating,Arrow Dynamics,2023,Steel,34.4374,-118.5821,64.5,155.7,3,3.6
Coaster_533,Busch Gardens Williamsburg,Operating,Arrow Dynamics,1978,Steel,37.2773,-76.6256,53.6,71.4,1,4.5
Coaster_534,Dollywood,Operating,Premier Rides,2008,Steel,35.7751,-83.5463,68.0,123.3,2,3.1
Coaster_535,Knott's Berry Farm,Operating,Vekoma,1994,Steel,33.8235,-117.9748,57.2,136.9,2,2.7
Coaster_536,Cedar Point,Operating,Philadelphia Toboggan Coasters,1999,Steel,41.5016,-82.6484,69.5,106.8,3,2.8
Coaster_537,Six Flags Over Texas,Operating,Great Coasters International,2009,Steel,32.7711,-97.0683,66.2,98.2,1,2.9
Coaster_538,Hersheypark,Operating,Premier Rides,1998,Steel,40.2909,-76.6647,57.3,101.7,2,2.4
Coaster_539,Silver Dollar City,Operating,Premier Rides,1997,Steel,36.6494,-93.3157,65.9,105.7,1,3.6
Coaster_540,Knott's Berry Farm,Operating,Arrow Dynamics,2011,Steel,33.8434,-117.9684,62.2,125.0,2,2.8
Coaster_541,Hersheypark,Operating,Mack Rides,2023,Steel,40.3299,-76.7017,68.6,120.6,5,3.9
Coaster_542,Six Flags Great Adventure,Operating,Intamin,2008,Wood,40.1111,-74.4555,53.9,109.7,0,3.0
Coaster_543,Knott's Berry Farm,Removed,Great Coasters International,1987,Wood,33.8469,-117.9655,43.6,76.0,0,3.3
Coaster_544,Carowinds,Operating,Philadelphia Toboggan Coasters,1975,Steel,35.0822,-80.9013,36.8,92.8,1,3.6
Coaster_545,Carowinds,Removed,Bolliger & Mabillard,2012,Steel,35.096,-80.9367,66.3,128.1,0,2.3
Coaster_546,Six Flags Magic Mountain,Operating,Philadelphia Toboggan Coasters,2006,Steel,34.4193,-118.5784,48.5,95.2,3,3.0
Coaster_547,Six Flags Great Adventure,Operating,Bolliger & Mabillard,1992,Wood,40.1537,-74.4537,35.1,75.1,0,4.3
Coaster_548,Kennywood,Removed,Rocky Mountain Construction,2008,Steel,40.3946,-79.8517,57.2,99.3,3,4.4
Coaster_549,Hersheypark,Operating,S&S - Sansei Technologies,2016,Steel,40.3077,-76.6297,59.8,129.6,3,2.2
Coaster_550,Carowinds,Operating,Philadelphia Toboggan Coasters,2016,Steel,35.0865,-80.9218,68.8,115.6,2,3.8
Coaster_551,Hersheypark,Operating,Intamin,2010,Wood,40.3003,-76.647,55.0,99.6,0,3.1
Coaster_552,Six Flags Great Adventure,Removed,Vekoma,1996,Steel,40.1603,-74.4447,48.3,122.0,4,3.6
Coaster_553,Kings Island,Operating,Arrow Dynamics,1996,Steel,39.3185,-84.2798,64.0,115.1,1,4.6
Coaster_554,Kings Island,Closed,Arrow Dynamics,2002,Steel,39.352,-84.2728,59.2,102.7,2,2.4
Coaster_555,Kennywood,Removed,Premier Rides,2023,Wood,40.3977,-79.8413,66.4,94.0,0,2.9
Coaster_556,Six Flags Great Adventure,Operating,Intamin,2002,Wood,40.175,-74.4477,64.4,102.8,0,3.8
Coaster_557,Six Flags Over Texas,Operating,Bolliger & Mabillard,2023,Steel,32.7752,-97.0225,78.8,127.7,2,4.7
Coaster_558,Carowinds,Operating,Rocky Mountain Construction,1982,Steel,35.1074,-80.9165,63.4,66.7,3,4.5
Coaster_559,Silver Dollar City,Operating,Great Coasters International,2000,Steel,36.6525,-93.3437,66.9,95.4,2,4.0
Coaster_560,Hersheypark,Operating,Philadelphia Toboggan Coasters,1983,Steel,40.2914,-76.6468,63.0,75.1,2,2.0
Coaster_561,Carowinds,Removed,Great Coasters International,2001,Steel,35.1006,-80.9671,58.8,98.6,0,5.0
Coaster_562,Knott's Berry Farm,Operating,Vekoma,2023,Steel,33.8538,-118.006,62.2,126.8,2,4.9
Coaster_563,Kennywood,Operating,Vekoma,1999,Steel,40.4266,-79.8791,58.3,120.1,1,3.0
Coaster_564,Silver Dollar City,Operating,Rocky Mountain Construction,1985,Steel,36.6543,-93.322,39.8,94.8,1,
Coaster_565,Busch Gardens Williamsburg,Operating,Bolliger & Mabillard,2012,Steel,37.1986,-76.5977,71.9,102.9,3,2.0
Coaster_566,Silver Dollar City,Operating,Premier Rides,2010,Wood,36.7031,-93.3256,52.2,98.2,0,3.0
Coaster_567,Kings Island,Operating,Arrow Dynamics,2019,Wood,39.3554,-84.283,64.3,107.4,0,2.2
Coaster_568,Knott's Berry Farm,Operating,Premier Rides,2009,Steel,33.8549,-118.0198,57.5,111.0,2,3.1
Coaster_569,Six Flags Great Adventure,Closed,Arrow Dynamics,1985,Wood,40.1522,-74.4591,22.3,87.3,0,4.3
Coaster_570,Six Flags Magic Mountain,Operating,Intamin,1989,Steel,34.3952,-118.6038,47.9,109.4,1,2.8
Coaster_571,Silver Dollar City,Operating,Rocky Mountain Construction,2006,Steel,36.6379,-93.3595,52.5,94.6,1,5.2
Coaster_572,Hersheypark,Operating,Arrow Dynamics,2018,Steel,40.2896,-76.643,70.5,105.1,1,3.2
Coaster_573,Busch Gardens Williamsburg,Closed,Philadelphia Toboggan Coasters,1988,Steel,37.2381,-76.6418,43.5,87.7,2,3.0
Coaster_574,Silver Dollar City,Removed,Rocky Mountain Construction,1997,Steel,36.7021,-93.3212,50.5,117.0,1,1.3
Coaster_575,Kennywood,Closed,S&S - Sansei Technologies,2016,Steel,40.4211,-79.8465,60.9,125.9,0,4.7
Coaster_576,Carowinds,Closed,Intamin,1995,Steel,35.1178,-80.9404,63.0,106.8,2,2.8
Coaster_577,Silver Dollar City,Operating,Premier Rides,1997,Steel,36.6932,-93.333,41.8,84.0,2,4.2
Coaster_578,Kennywood,Operating,Philadelphia Toboggan Coasters,2002,Steel,40.3722,-79.8756,58.1,114.0,2,3.1
Coaster_579,Busch Gardens Williamsburg,Operating,Great Coasters International,1975,Steel,37.2109,-76.622,41.1,54.7,4,3.0
Coaster_580,Six Flags Great Adventure,Closed,Bolliger & Mabillard,1992,Steel,40.1623,-74.4386,39.5,85.8,2,2.9
Coaster_581,Dollywood,Operating,Arrow Dynamics,1999,Steel,35.7923,-83.5572,57.7,95.5,2,3.4
Coaster_582,Dollywood,Operating,Great Coasters International,1994,Steel,35.7947,-83.5064,51.5,82.3,2,2.6
Coaster_583,Knott's Berry Farm,Removed,Philadelphia Toboggan Coasters,1975,Steel,33.8526,-118.0309,34.4,68.6,3,4.3
Coaster_584,Six Flags Great Adventure,Operating,Philadelphia Toboggan Coasters,1999,Wood,40.1339,-74.4461,46.4,91.0,0,3.2
Coaster_585,Cedar Point,Operating,Bolliger & Mabillard,1985,Wood,41.4711,-82.6611,43.7,62.4,0,2.9
Coaster_586,Carowinds,Operating,Vekoma,2003,Steel,35.0916,-80.9498,53.3,91.6,1,5.6
Coaster_587,Busch Gardens Williamsburg,Operating,Intamin,2023,Wood,37.2698,-76.6312,63.1,79.1,0,3.1
Coaster_588,Kings Island,Operating,Rocky Mountain Construction,1990,Wood,39.3508,-84.2633,53.8,100.1,0,3.8
Coaster_589,Knott's Berry Farm,Operating,S&S - Sansei Technologies,2014,Steel,33.8444,-118.0316,63.6,109.6,2,2.4
Coaster_590,Busch Gardens Williamsburg,Operating,Premier Rides,1988,Steel,37.1905,-76.5796,42.7,81.1,4,4.3
Coaster_591,Cedar Point,Operating,S&S - Sansei Technologies,1999,Steel,41.507,-82.7114,62.7,113.1,2,2.0
Coaster_592,Kings Island,Operating,Intamin,2023,Steel,39.358,-84.2865,68.3,133.4,1,4.2
Coaster_593,Silver Dollar City,Operating,S&S - Sansei Technologies,2023,Steel,36.6951,-93.3367,68.2,137.1,3,2.4
Coaster_594,Six Flags Over Texas,Removed,Premier Rides,2005,Steel,32.7648,-97.0567,57.1,85.3,0,3.2
Coaster_595,Silver Dollar City,Removed,Intamin,2001,Steel,36.6673,-93.3696,49.9,117.7,0,3.1
Coaster_596,Silver Dollar City,Operating,Great Coasters International,1989,Steel,36.656,-93.34,51.6,110.7,2,2.9
Coaster_597,Carowinds,Operating,Vekoma,1988,Wood,35.0821,-80.9335,40.6,69.3,0,3.5
Coaster_598,Kings Island,Removed,Rocky Mountain Construction,1995,Steel,39.3477,-84.2858,52.9,92.5,1,1.6
Coaster_599,Busch Gardens Williamsburg,Operating,Intamin,1986,Steel,37.256,-76.6178,49.2,80.9,2,3.3
Coaster_600,Silver Dollar City,Operating,Philadelphia Toboggan Coasters,1984,Wood,36.6636,-93.3413,36.5,67.5,0,4.1
Coaster_601,Cedar Point,Operating,Intamin,2013,Wood,41.4611,-82.6676,54.1,87.2,0,4.2
Coaster_602,Six Flags Over Texas,Operating,Rocky Mountain Construction,2007,Wood,32.7741,-97.0678,50.9,89.1,0,4.7
Coaster_603,Busch Gardens Williamsburg,Removed,Great Coasters International,1995,Steel,37.249,-76.6397,40.7,85.8,1,2.3
Coaster_604,Kings Island,Operating,Intamin,1996,Steel,39.3251,-84.2785,52.1,89.5,3,4.6
Coaster_605,Cedar Point,Operating,Intamin,2010,Steel,41.4657,-82.6362,59.8,125.1,1,5.1
Coaster_606,Hersheypark,Removed,Bolliger & Mabillard,2003,Wood,40.3006,-76.6574,48.1,106.3,0,3.1
Coaster_607,Hersheypark,Operating,Great Coasters International,2017,Wood,40.2859,-76.6699,46.4,79.8,0,3.0
Coaster_608,Knott's Berry Farm,Closed,Bolliger & Mabillard,1977,Steel,33.8541,-117.979,46.9,65.6,3,2.9
Coaster_609,Kings Island,Operating,Philadelphia Toboggan Coasters,1984,Steel,39.3137,-84.2739,38.8,96.4,3,1.4
Coaster_610,Six Flags Over Texas,Closed,Philadelphia Toboggan Coasters,1991,Steel,32.7542,-97.0927,61.9,65.7,3,3.9
Coaster_611,Six Flags Great Adventure,Operating,Mack Rides,1981,Steel,40.1435,-74.4324,52.4,85.2,2,2.8
Coaster_612,Carowinds,Operating,Arrow Dynamics,1975,Steel,35.1142,-80.9114,45.2,69.8,1,3.0
Coaster_613,Carowinds,Closed,Great Coasters International,2005,Steel,35.109,-80.9353,57.3,127.9,2,3.9
Coaster_614,Silver Dollar City,Operating,Rocky Mountain Construction,1991,Steel,36.6486,-93.3269,39.2,92.3,3,2.8
Coaster_615,Six Flags Over Texas,Operating,S&S - Sansei Technologies,2001,Wood,32.7682,-97.0593,53.4,100.3,0,3.8
Coaster_616,Six Flags Magic Mountain,Operating,S&S - Sansei Technologies,2001,Steel,34.4027,-118.5954,52.7,,1,2.7
Coaster_617,Dollywood,Operating,Bolliger & Mabillard,1975,Steel,35.7475,-83.5458,32.9,88.0,1,2.9
Coaster_618,Busch Gardens Williamsburg,Closed,Philadelphia Toboggan Coasters,1999,Steel,37.2273,-76.6379,51.2,123.2,5,3.2
Coaster_619,Knott's Berry Farm,Operating,Premier Rides,1998,Wood,33.8316,-117.9786,48.2,68.3,0,2.7
Coaster_620,Six Flags Magic Mountain,Closed,Great Coasters International,1977,Steel,34.4136,-118.5996,42.0,68.7,0,3.7
Coaster_621,Six Flags Great Adventure,Operating,Great Coasters International,2007,Steel,40.1522,-74.4505,54.8,134.7,1,1.6
Coaster_622,Kennywood,Removed,Vekoma,2022,Steel,40.3824,-79.8576,68.6,158.8,3,2.9
Coaster_623,Silver Dollar City,Operating,Rocky Mountain Construction,2012,Steel,36.6659,-93.349,56.0,122.3,2,3.3
Coaster_624,Busch Gardens Williamsburg,Operating,Philadelphia Toboggan Coasters,2002,Wood,37.2273,-76.6307,47.1,66.3,0,4.4
Coaster_625,Carowinds,Closed,Arrow Dynamics,1978,Steel,35.1091,-80.9191,37.3,96.0,0,3.2
Coaster_626,Six Flags Over Texas,Operating,Bolliger & Mabillard,2011,Wood,32.7564,-97.0789,48.7,63.4,0,4.0
Coaster_627,Six Flags Magic Mountain,Operating,Mack Rides,2002,Steel,34.4376,-118.6122,51.8,94.4,0,2.8
Coaster_628,Busch Gardens Williamsburg,Operating,Premier Rides,2023,Steel,37.2328,-76.6164,63.9,118.9,0,2.7
Coaster_629,Six Flags Over Texas,Operating,Great Coasters International,2015,Steel,32.7784,-97.0712,60.9,121.9,1,2.3
Coaster_630,Carowinds,Operating,Bolliger & Mabillard,2010,Steel,35.0851,-80.9688,61.3,96.2,2,4.9
Coaster_631,Kennywood,Operating,Great Coasters International,2017,Steel,40.3982,-79.8469,69.5,130.4,1,3.3
Coaster_632,Six Flags Magic Mountain,Operating,Vekoma,2005,Wood,34.4212,-118.6024,47.8,74.7,0,3.1
Coaster_633,Hersheypark,Operating,Rocky Mountain Construction,2022,Steel,40.278,-76.6775,65.2,127.8,2,5.9
Coaster_634,Kings Island,Operating,Arrow Dynamics,2008,Steel,39.3021,-84.2518,74.3,107.6,0,3.2
Coaster_635,Six Flags Magic Mountain,Operating,Philadelphia Toboggan Coasters,2003,Wood,34.4266,-118.6165,55.1,100.0,0,3.8
Coaster_636,Kennywood,Operating,Vekoma,2012,Wood,40.3842,-79.8834,56.9,102.4,0,3.7
Coaster_637,Six Flags Great Adventure,Removed,Mack Rides,2023,Steel,40.133,-74.4523,64.9,133.8,2,3.2
Coaster_638,Hersheypark,Operating,Arrow Dynamics,2007,Steel,40.2939,-76.6656,48.6,125.2,2,3.5
Coaster_639,Dollywood,Operating,Rocky Mountain Construction,2001,Steel,35.7753,-83.5782,60.1,93.4,1,
Coaster_640,Dollywood,Operating,Great Coasters International,2000,Steel,35.7749,-83.546,47.8,109.2,1,2.5
Coaster_641,Kings Island,Removed,Bolliger & Mabillard,1994,Steel,39.3426,-84.2603,61.7,,1,4.1
Coaster_642,Cedar Point,Removed,Great Coasters International,1994,Steel,41.4358,-82.6637,51.5,116.7,1,5.5
Coaster_643,Kings Island,Closed,Great Coasters International,2008,Steel,39.3379,-84.2834,68.4,130.9,2,5.5
Coaster_644,Hersheypark,Operating,Mack Rides,1999,Wood,40.3199,-76.6365,53.5,93.0,0,2.3
Coaster_645,Carowinds,Operating,Mack Rides,2010,Wood,35.1073,-80.9145,55.1,75.4,0,2.9
Coaster_646,Six Flags Great Adventure,Closed,Premier Rides,2006,Wood,40.1305,-74.431,49.9,104.8,0,1.4
Coaster_647,Six Flags Great Adventure,Removed,Great Coasters International,1993,Steel,40.1289,-74.4253,61.4,108.5,1,5.0
Coaster_648,Busch Gardens Williamsburg,Operating,Arrow Dynamics,2023,Steel,37.2377,-76.6275,78.5,151.4,1,3.9
Coaster_649,Six Flags Over Texas,Operating,Mack Rides,1993,Wood,32.7582,-97.0454,45.9,84.4,0,
Coaster_650,Kings Island,Operating,Bolliger & Mabillard,1998,Steel,39.3705,-84.2664,64.8,90.3,2,2.6
Coaster_651,Six Flags Over Texas,Operating,Mack Rides,2008,Steel,32.7597,-97.0373,59.4,106.1,1,4.8
Coaster_652,Busch Gardens Williamsburg,Operating,Arrow Dynamics,1996,Steel,37.204,-76.6529,60.6,91.8,3,2.5
Coaster_653,Cedar Point,Operating,S&S - Sansei Technologies,2015,Steel,41.4842,-82.6894,65.5,123.5,2,2.1
Coaster_654,Hersheypark,Operating,Bolliger & Mabillard,1988,Steel,40.3226,-76.6622,63.5,82.3,0,3.1
Coaster_655,Kennywood,Removed,Premier Rides,2000,Steel,40.3513,-79.85,51.8,135.0,3,4.0
Coaster_656,Silver Dollar City,Operating,Rocky Mountain Construction,1989,Wood,36.6602,-93.3458,43.8,86.8,0,3.3
Coaster_657,Kings Island,Operating,Premier Rides,2001,Steel,39.3532,-84.2621,56.6,110.6,1,4.0
Coaster_658,Six Flags Great Adventure,Operating,Bolliger & Mabillard,2015,Steel,40.1356,-74.4296,63.4,116.6,3,1.5
Coaster_659,Six Flags Magic Mountain,Operating,Rocky Mountain Construction,1990,Steel,34.4561,-118.5864,54.4,103.5,2,3.1
Coaster_660,Kennywood,Operating,S&S - Sansei Technologies,2006,Wood,40.4037,-79.9017,49.4,104.4,0,4.2
Coaster_661,Busch Gardens Williamsburg,Operating,Arrow Dynamics,1986,Steel,37.2472,-76.6147,53.7,77.8,2,3.6
Coaster_662,Kings Island,Operating,Rocky Mountain Construction,1978,Wood,39.3325,-84.2727,40.0,75.7,0,5.4
Coaster_663,Kings Island,Closed,Great Coasters International,2023,Steel,39.342,-84.2682,68.2,134.3,2,2.8
Coaster_664,Six Flags Great Adventure,Removed,Rocky Mountain Construction,2003,Steel,40.1293,-74.4256,61.1,104.1,3,2.2
Coaster_665,Kennywood,Operating,Intamin,2007,Wood,40.3648,-79.8813,57.0,133.4,0,4.8
Coaster_666,Dollywood,Operating,Premier Rides,2007,Steel,35.7935,-83.539,60.7,115.6,5,2.9
Coaster_667,Six Flags Great Adventure,Operating,Arrow Dynamics,1984,Steel,40.1102,-74.3968,47.5,59.5,1,3.9
Coaster_668,Knott's Berry Farm,Operating,Great Coasters International,2019,Steel,33.851,-117.9641,62.3,116.6,1,3.5
Coaster_669,Knott's Berry Farm,Removed,Premier Rides,1993,Steel,33.8575,-117.9899,53.0,97.4,1,1.8
Coaster_670,Six Flags Great Adventure,Operating,Great Coasters International,1984,Steel,40.1313,-74.4278,51.9,93.0,0,4.0
Coaster_671,Six Flags Over Texas,Operating,Great Coasters International,1984,Wood,32.7295,-97.07,34.1,82.9,0,2.6
Coaster_672,Carowinds,Removed,Philadelphia Toboggan Coasters,1996,Steel,35.0672,-80.94,52.2,109.9,5,3.6
Coaster_673,Six Flags Magic Mountain,Operating,Bolliger & Mabillard,1996,Wood,34.4367,-118.6297,45.0,75.5,0,2.9
Coaster_674,Kennywood,Operating,Philadelphia Toboggan Coasters,2007,Steel,40.41,-79.8676,70.1,83.3,0,3.1
Coaster_675,Cedar Point,Operating,Rocky Mountain Construction,1990,Steel,41.4879,-82.7035,58.7,57.3,2,4.9
Coaster_676,Six Flags Great Adventure,Operating,Bolliger & Mabillard,1991,Steel,40.1803,-74.4488,64.9,98.1,0,3.5
Coaster_677,Six Flags Over Texas,Operating,Arrow Dynamics,2007,Steel,32.7795,-97.0721,65.5,120.3,2,4.8
Coaster_678,Carowinds,Operating,S&S - Sansei Technologies,1991,Steel,35.0726,-80.9518,52.5,103.0,3,2.2
Coaster_679,Cedar Point,Closed,Intamin,1993,Steel,41.453,-82.6849,61.9,99.1,1,2.5
Coaster_680,Six Flags Over Texas,Operating,Rocky Mountain Construction,1981,Steel,32.7655,-97.052,42.5,88.3,1,5.3
Coaster_681,Six Flags Magic Mountain,Operating,Rocky Mountain Construction,1978,Wood,34.4397,-118.5834,31.0,83.9,0,3.8
Coaster_682,Kings Island,Operating,Intamin,1982,Wood,39.3601,-84.2535,28.7,43.4,0,2.8
Coaster_683,Kennywood,Operating,Arrow Dynamics,1991,Steel,40.4059,-79.8553,59.2,77.9,5,2.2
Coaster_684,Six Flags Magic Mountain,Operating,Premier Rides,1989,Steel,34.4249,-118.6169,47.5,86.4,1,5.4
Coaster_685,Kennywood,Operating,Great Coasters International,1981,Steel,40.4045,-79.8852,46.0,87.2,1,4.9
Coaster_686,Six Flags Over Texas,Operating,Intamin,1981,Steel,32.7895,-97.0868,49.8,75.1,2,3.3
Coaster_687,Six Flags Great Adventure,Operating,Mack Rides,1984,Steel,40.1083,-74.4331,48.0,113.8,1,2.5
Coaster_688,Six Flags Over Texas,Operating,S&S - Sansei Technologies,1983,Steel,32.7603,-97.0615,40.7,84.9,1,2.8
Coaster_689,Kennywood,Operating,Philadelphia Toboggan Coasters,1981,Steel,40.3701,-79.915,40.1,101.0,2,4.2
Coaster_690,Carowinds,Operating,Philadelphia Toboggan Coasters,1984,Steel,35.0978,-80.9293,51.0,84.5,3,5.1
Coaster_691,Carowinds,Operating,Bolliger & Mabillard,2004,Steel,35.091,-80.918,63.9,98.3,2,3.9
Coaster_692,Kennywood,Operating,Vekoma,2015,Steel,40.4331,-79.8358,63.9,113.9,0,4.2
Coaster_693,Silver Dollar City,Operating,Rocky Mountain Construction,1995,Steel,36.6821,-93.3122,53.2,114.9,2,3.3
Coaster_694,Dollywood,Operating,Mack Rides,1989,Wood,35.7503,-83.5221,40.1,81.6,0,4.5
Coaster_695,Six Flags Magic Mountain,Removed,Philadelphia Toboggan Coasters,1975,Wood,34.4059,-118.5756,27.0,66.0,0,4.1
Coaster_696,Carowinds,Closed,Philadelphia Toboggan Coasters,1996,Wood,35.1253,-80.9425,54.3,78.5,0,4.5
Coaster_697,Kings Island,Operating,Premier Rides,1975,Steel,39.3411,-84.2927,35.2,48.2,1,2.7
Coaster_698,Six Flags Magic Mountain,Closed,Premier Rides,1993,Steel,34.3962,-118.5986,48.3,114.5,3,3.0
Coaster_699,Silver Dollar City,Closed,S&S - Sansei Technologies,1983,Steel,36.6899,-93.3271,46.3,90.0,2,3.3
Coaster_700,Six Flags Magic Mountain,Operating,Arrow Dynamics,1991,Wood,34.4305,-118.6105,42.9,80.3,0,4.1
